"VehNum","VIN","Time","KM","VehicleSpeedMPH","FuelLevel","FuelUsed","BrakeAppl","Temp","BrakeLiningLeft","BrakeLiningRight","AverageBrakeLining","OilLevel","TyrePressureFrontRight","TyrePressureFrontLeft","TyrePressureRearRight","TyrePressureRearLeft","AverageTyrePressure","EngineRPM","AcceleratorPosPerc","BrakePosPerc","BrakeApplPres","EngineFuelRate","EngineFuelEconomy","EngineTotalIdleHours","EngineTotalIdleFuelUsed","BrakeTemperature"
100,845906049,"2012-11-13 00:33:00",50067.24,64.72,35.22,52612.6,95957,91.11,35.322,44.322,39.822,3.4478,2.4,2.4,2.1,2.11,2.252,2519,39,8,80,4.18,15.5,23852.61,0,0
100,845906049,"2012-11-13 00:35:00",50069.43,65.29,35.14,52612.74,95959,90.74,35.313,44.313,39.813,3.4478,2.42,2.42,2.1,2.1,2.26,1814,31,8,80,4.21,15.5,23852.61,0,0
100,845906049,"2012-11-13 00:36:00",50070.46,61.71,35.11,52612.81,95960,88.83,35.308,44.308,39.808,3.4478,2.4,2.39,2.1,2.11,2.25,2402,33,8,80,3.98,15.5,23852.61,0,0
100,845906049,"2012-11-14 12:12:00",50074.72,72.15,34.98,52613.09,95964,89.23,35.29,44.29,39.79,3.4477,2.41,2.41,2.12,2.1,2.26,2005,31,8,80,4.66,15.5,23852.61,0,0
100,845906049,"2012-11-14 12:22:00",50084.29,56.42,34.68,52613.7,95976,90.46,35.232,44.232,39.732,3.4475,2.41,2.42,2.11,2.1,2.26,2196,19,8,80,3.64,15.5,23852.61,0,0
100,845906049,"2012-11-14 12:26:00",50088.07,68.76,34.55,52613.94,95981,89.63,35.209,44.209,39.709,3.4473,2.4,2.4,2.1,2.08,2.245,1911,32,8,80,4.44,15.5,23852.61,0,0
100,845906049,"2012-11-14 12:38:00",50099.86,44.72,34.17,52614.72,95995,89.82,35.148,44.148,39.648,3.447,2.4,2.41,2.08,2.08,2.242,1740,3,17,160,2.89,15.5,23852.61,0,0
100,845906049,"2012-11-14 12:39:00",50100.97,67.07,34.13,52614.79,95996,89.93,35.143,44.143,39.643,3.4469,2.39,2.39,2.1,2.1,2.245,1864,33,8,80,4.33,15.5,23852.61,0,0
100,845906049,"2012-11-14 14:27:00",50110.97,48.8,33.82,52615.44,96008,89.59,35.092,44.092,39.592,3.4467,2.39,2.38,2.1,2.1,2.242,1899,24,17,160,3.15,15.5,23852.61,0,0
100,845906049,"2012-11-14 14:32:00",50116.23,74.27,33.64,52615.78,96014,90.8,35.068,44.068,39.568,3.4467,2.41,2.4,2.1,2.11,2.255,2064,53,8,80,4.79,15.5,23852.61,0,0
100,845906049,"2012-11-14 14:33:00",50117.09,51.86,33.61,52615.84,96015,88.8,35.063,44.063,39.563,3.4467,2.41,2.42,2.12,2.1,2.262,2018,40,8,80,3.35,15.5,23852.61,0,0
100,845906049,"2012-11-14 14:40:00",50123.35,52.4,33.41,52616.25,96024,89.41,35.019,44.019,39.519,3.4467,2.41,2.4,2.1,2.1,2.252,2039,29,8,80,3.38,15.5,23852.61,0,0
100,845906049,"2012-11-14 14:43:00",50127.1,63.3,33.29,52616.49,96027,90.55,35.006,44.006,39.506,3.4466,2.39,2.4,2.1,2.1,2.248,2463,42,8,80,4.08,15.5,23852.61,0,0
100,845906049,"2012-11-14 14:44:00",50128.17,64.22,33.26,52616.56,96028,89.82,35.002,44.002,39.502,3.4466,2.4,2.42,2.1,2.09,2.252,2499,42,8,80,4.14,15.5,23852.61,0,0
100,845906049,"2012-11-14 14:46:00",50129.89,47.83,33.2,52616.67,96031,89.51,34.989,43.989,39.489,3.4466,2.42,2.41,2.1,2.1,2.258,1861,26,17,160,3.09,15.5,23852.61,0,0
100,845906049,"2012-11-14 14:50:00",50134.21,63.73,33.06,52616.95,96036,90.03,34.964,43.964,39.464,3.4465,2.41,2.4,2.11,2.1,2.255,2480,35,8,80,4.11,15.5,23852.61,0,0
100,845906049,"2012-11-14 14:55:00",50139.22,65.69,32.89,52617.28,96041,89.2,34.939,43.939,39.439,3.4465,2.39,2.42,2.11,2.08,2.25,1825,40,8,80,4.24,15.5,23852.61,0,0
100,845906049,"2012-11-14 15:03:00",50147.64,64.96,32.61,52617.82,96050,89.52,34.897,43.897,39.397,3.4461,2.42,2.41,2.1,2.1,2.258,2528,40,8,80,4.19,15.5,23852.61,0,0
100,845906049,"2012-11-15 20:37:00",50150.8,61.08,32.52,52618.03,96053,91,34.884,43.884,39.384,3.446,2.39,2.39,2.1,2.08,2.24,2377,13,8,80,3.94,15.5,23852.61,0,0
100,845906049,"2012-11-15 20:48:00",50161.34,59.79,32.17,52618.7,96069,90.42,34.809,43.809,39.309,3.4459,2.4,2.41,2.08,2.12,2.253,2327,6,8,80,3.86,15.5,23852.61,0,0
100,845906049,"2012-11-15 20:59:00",50172.55,75.77,31.82,52619.44,96081,89.97,34.757,43.757,39.257,3.4457,2.4,2.4,2.09,2.09,2.245,2105,38,8,80,4.89,15.5,23852.61,0,0
100,845906049,"2012-11-15 21:00:00",50173.26,42.45,31.8,52619.49,96083,89.6,34.748,43.748,39.248,3.4457,2.4,2.4,2.11,2.11,2.255,1652,11,17,160,2.74,15.5,23852.61,0,0
100,845906049,"2012-11-15 21:01:00",50174.42,69.89,31.76,52619.57,96084,90.35,34.743,43.743,39.243,3.4457,2.4,2.38,2.1,2.1,2.245,1942,24,8,80,4.51,15.5,23852.61,0,0
100,845906049,"2012-11-15 21:03:00",50176.55,65.81,31.69,52619.71,96086,90.22,34.735,43.735,39.235,3.4457,2.39,2.4,2.09,2.1,2.245,1829,27,8,80,4.25,15.5,23852.61,0,0
100,845906049,"2012-11-15 23:12:00",50179.52,73.12,31.59,52619.9,96090,89.98,34.718,43.718,39.218,3.4456,2.41,2.4,2.09,2.09,2.248,2032,53,8,80,4.72,15.5,23852.61,0,0
100,845906049,"2012-11-15 23:13:00",50180.45,55.8,31.56,52619.96,96091,89.4,34.714,43.714,39.214,3.4455,2.41,2.41,2.1,2.1,2.255,2172,25,8,80,3.6,15.5,23852.61,0,0
100,845906049,"2012-11-15 23:14:00",50181.71,75.52,31.52,52620.04,96092,90.61,34.71,43.71,39.21,3.4454,2.4,2.41,2.1,2.09,2.25,2098,49,8,80,4.87,15.5,23852.61,0,0
100,845906049,"2012-11-15 23:17:00",50184.78,60.62,31.42,52620.24,96096,90.34,34.692,43.692,39.192,3.4453,2.4,2.4,2.09,2.1,2.248,2359,38,8,80,3.91,15.5,23852.61,0,0
100,845906049,"2012-11-15 23:22:00",50189.52,49.04,31.27,52620.55,96102,90.63,34.665,43.665,39.165,3.445,2.4,2.41,2.08,2.09,2.245,1908,19,17,160,3.16,15.5,23852.61,0,0
100,845906049,"2012-11-15 23:24:00",50191.51,58.65,31.21,52620.68,96104,90.42,34.656,43.656,39.156,3.445,2.42,2.39,2.1,2.11,2.255,2282,28,8,80,3.78,15.5,23852.61,0,0
100,845906049,"2012-11-15 23:27:00",50194.29,57.12,31.12,52620.86,96108,90.85,34.637,43.637,39.137,3.4449,2.41,2.41,2.09,2.1,2.252,2223,38,8,80,3.69,15.5,23852.61,0,0
100,845906049,"2012-11-15 23:42:00",50210.2,60.41,30.6,52621.89,96125,89.33,34.559,43.559,39.059,3.4442,2.4,2.4,2.09,2.09,2.245,2351,37,8,80,3.9,15.5,23852.61,0,0
100,845906049,"2012-11-15 23:43:00",50211.37,70.04,30.56,52621.97,96126,90.12,34.554,43.554,39.054,3.4442,2.39,2.4,2.1,2.09,2.245,1946,46,8,80,4.52,15.5,23852.61,0,0
100,845906049,"2012-11-15 23:45:00",50213.88,83.2,30.48,52622.13,96128,89.57,34.545,43.545,39.045,3.4441,2.39,2.41,2.1,2.1,2.25,2312,59,8,80,5.37,15.5,23852.61,0,0
100,845906049,"2012-11-15 23:46:00",50214.87,59.22,30.45,52622.19,96129,90.2,34.541,43.541,39.041,3.444,2.41,2.39,2.09,2.11,2.25,2305,38,8,80,3.82,15.5,23852.61,0,0
100,845906049,"2012-11-15 23:51:00",50219.34,43.24,30.3,52622.48,96140,90.13,34.491,43.491,38.991,3.4439,2.4,2.39,2.11,2.09,2.248,1683,15,25,250,2.79,15.5,23852.61,0,0
100,845906049,"2012-11-15 23:54:00",50222.96,82.24,30.18,52622.71,96145,89.33,34.472,43.472,38.972,3.4438,2.41,2.4,2.1,2.1,2.252,2285,55,8,80,5.31,15.5,23852.61,0,0
100,845906049,"2012-11-17 23:57:00",50226.88,105.98,30.05,52622.98,96148,90.35,34.457,43.457,38.957,3.4437,2.42,2.42,2.11,2.1,2.262,2314,73,8,80,7.57,14,23852.61,0,0
100,845906049,"2012-11-18 00:01:00",50233.64,96.36,29.8,52623.46,96152,89.61,34.431,43.431,38.931,3.4434,2.4,2.41,2.1,2.1,2.252,2104,60,8,80,6.88,14,23852.61,0,0
100,845906049,"2012-11-18 00:02:00",50235.41,106.13,29.74,52623.59,96153,89.8,34.425,43.425,38.925,3.4434,2.4,2.4,2.1,2.1,2.25,2317,71,8,80,7.58,14,23852.61,0,0
100,845906049,"2012-11-18 00:29:00",50280.52,96.32,28.11,52626.79,96180,90.23,34.241,43.241,38.741,3.442,2.38,2.39,2.08,2.09,2.235,2103,64,8,80,6.88,14,23852.61,0,0
100,845906049,"2012-11-18 00:37:00",50293.75,98.03,27.63,52627.72,96188,90.04,34.186,43.186,38.686,3.4416,2.42,2.42,2.1,2.12,2.265,2140,76,8,80,7,14,23852.61,0,0
100,845906049,"2012-11-18 00:38:00",50295.49,104.26,27.57,52627.84,96189,89.45,34.179,43.179,38.679,3.4416,2.4,2.39,2.11,2.1,2.25,2276,72,8,80,7.45,14,23852.61,0,0
100,845906049,"2012-11-18 00:41:00",50300.44,101.25,27.39,52628.19,96192,89.38,34.158,43.158,38.658,3.4415,2.39,2.4,2.09,2.1,2.245,2211,64,8,80,7.23,14,23852.61,0,0
100,845906049,"2012-11-20 14:52:00",50310.36,94.59,27.04,52628.89,96198,90.72,34.117,43.117,38.617,3.4411,2.41,2.39,2.1,2.09,2.248,2065,12,8,80,6.76,14,23852.61,0,0
100,845906049,"2012-11-20 14:59:00",50321.81,99.14,26.63,52629.72,96205,89.9,34.069,43.069,38.569,3.4404,2.41,2.4,2.1,2.12,2.258,2165,11,8,80,7.08,14,23852.61,0,0
100,845906049,"2012-11-20 15:07:00",50334.58,90.83,26.17,52630.63,96213,89.81,34.014,43.014,38.514,3.44,2.4,2.39,2.1,2.11,2.25,1983,10,8,80,6.49,14,23852.61,0,0
100,845906049,"2012-11-20 15:13:00",50345.11,107.73,25.8,52631.39,96219,90.31,33.969,42.969,38.469,3.4396,2.41,2.41,2.09,2.1,2.252,2352,28,8,80,7.69,14,23852.61,0,0
100,845906049,"2012-11-20 15:18:00",50353.76,101.1,25.49,52632.01,96224,89.64,33.933,42.933,38.433,3.4393,2.4,2.42,2.09,2.11,2.255,2207,12,8,80,7.22,14,23852.61,0,0
100,845906049,"2012-11-20 15:22:00",50360.64,105.84,25.25,52632.51,96228,89.98,33.906,42.906,38.406,3.4391,2.42,2.41,2.09,2.1,2.255,2311,34,8,80,7.56,14,23852.61,0,0
100,845906049,"2012-11-20 15:26:00",50367.14,101.89,25.02,52632.97,96232,89.74,33.878,42.878,38.378,3.4388,2.4,2.39,2.12,2.1,2.252,2225,29,8,80,7.28,14,23852.61,0,0
100,845906049,"2012-11-20 15:29:00",50372.13,99.71,24.84,52633.33,96235,90.14,33.858,42.858,38.358,3.4388,2.41,2.4,2.1,2.1,2.252,2177,8,8,80,7.12,14,23852.61,0,0
100,845906049,"2012-11-22 19:54:00",50388.7,84.74,92.52,52634.52,96246,90.13,33.786,42.786,38.286,3.4382,2.41,2.42,2.1,2.09,2.255,2355,13,8,80,6.05,14,23852.61,0,0
100,845906049,"2012-11-22 20:00:00",50398.22,98.43,92.18,52635.2,96252,90.52,33.743,42.743,38.243,3.4379,2.4,2.41,2.09,2.11,2.252,2149,3,8,80,7.03,14,23852.61,0,0
100,845906049,"2012-11-22 20:04:00",50404.64,91.66,91.95,52635.67,96256,90.19,33.717,42.717,38.217,3.4374,2.4,2.4,2.11,2.09,2.25,2001,17,8,80,6.55,14,23852.61,0,0
100,845906049,"2012-11-22 20:06:00",50407.9,100.21,91.83,52635.9,96258,91.13,33.704,42.704,38.204,3.4373,2.4,2.4,2.09,2.1,2.248,2188,23,8,80,7.16,14,23852.61,0,0
100,845906049,"2012-11-22 20:07:00",50409.61,102.64,91.77,52636.02,96259,90.25,33.699,42.699,38.199,3.4372,2.41,2.41,2.12,2.08,2.255,2241,28,8,80,7.33,14,23852.61,0,0
100,845906049,"2012-11-22 20:08:00",50411.18,94.45,91.71,52636.13,96260,90.38,33.693,42.693,38.193,3.4372,2.41,2.41,2.09,2.1,2.252,2062,13,8,80,6.75,14,23852.61,0,0
100,845906049,"2012-11-22 20:10:00",50414.71,98.42,91.58,52636.38,96262,89.41,33.679,42.679,38.179,3.4369,2.39,2.4,2.1,2.11,2.25,2149,12,8,80,7.03,14,23852.61,0,0
100,845906049,"2012-11-22 20:14:00",50421.09,98.36,91.35,52636.84,96266,90.27,33.651,42.651,38.151,3.4365,2.4,2.39,2.13,2.11,2.258,2148,16,8,80,7.03,14,23852.61,0,0
100,845906049,"2012-11-22 20:17:00",50426.13,102.63,91.17,52637.19,96269,89.91,33.629,42.629,38.129,3.4364,2.41,2.41,2.1,2.11,2.258,2241,31,8,80,7.33,14,23852.61,0,0
100,845906049,"2012-11-22 20:23:00",50436.51,98.67,90.8,52637.93,96275,90.21,33.589,42.589,38.089,3.436,2.41,2.39,2.09,2.09,2.245,2154,17,8,80,7.05,14,23852.61,0,0
100,845906049,"2012-11-22 20:27:00",50443.44,89.12,90.56,52638.43,96279,90.22,33.563,42.563,38.063,3.4358,2.41,2.4,2.08,2.09,2.245,2476,14,8,80,6.37,14,23852.61,0,0
100,845906049,"2012-11-22 20:29:00",50446.86,102.88,90.44,52638.67,96281,90.06,33.55,42.55,38.05,3.4357,2.4,2.41,2.09,2.1,2.25,2246,31,8,80,7.35,14,23852.61,0,0
100,845906049,"2012-11-24 23:09:00",50450.18,104.83,90.32,52638.9,96283,88.86,33.534,42.534,38.034,3.4355,2.4,2.4,2.12,2.08,2.25,2289,38,8,80,7.49,14,23852.61,0,0
100,845906049,"2012-11-24 23:11:00",50453.47,101.15,90.2,52639.13,96285,90.03,33.521,42.521,38.021,3.4354,2.39,2.4,2.11,2.11,2.252,2208,44,8,80,7.23,14,23852.61,0,0
100,845906049,"2012-11-24 23:23:00",50473.81,106.27,89.48,52640.58,96297,90.8,33.438,42.438,37.938,3.4347,2.4,2.4,2.09,2.11,2.25,2320,37,8,80,7.59,14,23852.61,0,0
100,845906049,"2012-11-24 23:24:00",50475.47,99.52,89.42,52640.7,96298,90.18,33.431,42.431,37.931,3.4347,2.39,2.4,2.11,2.09,2.248,2173,26,8,80,7.11,14,23852.61,0,0
100,845906049,"2012-11-24 23:33:00",50490.65,98.06,88.88,52641.78,96307,90.71,33.366,42.366,37.866,3.434,2.41,2.4,2.11,2.1,2.255,2141,39,8,80,7,14,23852.61,0,0
100,845906049,"2012-11-24 23:40:00",50501.88,96.37,88.47,52642.59,96314,90.71,33.319,42.319,37.819,3.4337,2.4,2.41,2.1,2.1,2.252,2104,30,8,80,6.88,14,23852.61,0,0
100,845906049,"2012-11-24 23:41:00",50503.52,98.6,88.41,52642.71,96315,90.48,33.312,42.312,37.812,3.4337,2.4,2.39,2.09,2.11,2.248,2153,30,8,80,7.04,14,23852.61,0,0
100,845906049,"2012-11-24 23:45:00",50509.93,82.89,88.18,52643.17,96319,89.94,33.286,42.286,37.786,3.4335,2.39,2.42,2.1,2.08,2.248,2303,12,8,80,5.92,14,23852.61,0,0
100,845906049,"2012-11-24 23:52:00",50521.55,104.44,87.76,52643.99,96326,90.36,33.241,42.241,37.741,3.4327,2.41,2.41,2.09,2.1,2.252,2280,48,8,80,7.46,14,23852.61,0,0
100,845906049,"2012-11-27 23:57:00",50529.78,99.21,87.45,52644.58,96331,89.2,33.208,42.208,37.708,3.4326,2.4,2.41,2.09,2.06,2.24,2166,32,8,80,7.09,14,23852.61,0,0
100,845906049,"2012-11-28 00:01:00",50536.42,97.17,87.22,52645.07,96335,89.85,33.183,42.183,37.683,3.4325,2.4,2.4,2.08,2.11,2.248,2122,26,8,80,6.94,14,23852.61,0,0
100,845906049,"2012-11-28 00:04:00",50541.42,92.52,87.04,52645.42,96338,90.22,33.163,42.163,37.663,3.4322,2.4,2.4,2.1,2.09,2.248,2020,14,8,80,6.61,14,23852.61,0,0
100,845906049,"2012-11-28 00:09:00",50549.67,98.95,86.74,52646.01,96343,89.89,33.129,42.129,37.629,3.4317,2.4,2.43,2.1,2.09,2.255,2160,33,8,80,7.07,14,23852.61,0,0
100,845906049,"2012-11-28 00:10:00",50551.25,95.12,86.68,52646.12,96344,89.85,33.122,42.122,37.622,3.4316,2.39,2.4,2.1,2.1,2.248,2077,27,8,80,6.79,14,23852.61,0,0
100,845906049,"2012-11-28 00:20:00",50567.53,97.62,86.1,52647.29,96354,90.12,33.058,42.058,37.558,3.4309,2.38,2.39,2.11,2.1,2.245,2131,27,8,80,6.97,14,23852.61,0,0
100,845906049,"2012-11-28 00:22:00",50570.93,103.5,85.98,52647.53,96356,90.11,33.044,42.044,37.544,3.4309,2.4,2.42,2.09,2.11,2.255,2260,40,8,80,7.39,14,23852.61,0,0
100,845906049,"2012-11-28 00:29:00",50582.33,105,85.58,52648.34,96363,89.27,32.998,41.998,37.498,3.4305,2.38,2.39,2.1,2.09,2.24,2293,41,8,80,7.5,14,23852.61,0,0
100,845906049,"2012-11-28 00:37:00",50595.72,104.24,85.1,52649.3,96371,90.37,32.944,41.944,37.444,3.4303,2.42,2.39,2.09,2.1,2.25,2276,28,8,80,7.45,14,23852.61,0,0
100,845906049,"2012-11-28 00:38:00",50597.41,101.22,85.04,52649.42,96372,89.91,32.937,41.937,37.437,3.4303,2.4,2.41,2.1,2.1,2.252,2210,23,8,80,7.23,14,23852.61,0,0
100,845906049,"2012-11-30 18:42:00",50608.24,89.23,84.66,52650.2,96379,91.86,32.891,41.891,37.391,3.4298,2.39,2.39,2.08,2.1,2.24,2479,17,8,80,6.37,14,23852.61,0,0
100,845906049,"2012-11-30 18:43:00",50609.66,84.74,84.61,52650.3,96380,90.95,32.885,41.885,37.385,3.4297,2.39,2.39,2.1,2.1,2.245,2355,19,8,80,6.05,14,23852.61,0,0
100,845906049,"2012-11-30 18:48:00",50616.92,90.1,84.36,52650.83,96385,90.68,32.851,41.851,37.351,3.4295,2.4,2.4,2.11,2.1,2.252,1967,-2,8,80,6.44,14,23852.61,0,0
100,845906049,"2012-11-30 18:49:00",50618.47,92.85,84.3,52650.94,96386,90.71,32.844,41.844,37.344,3.4295,2.4,2.38,2.08,2.09,2.238,2027,18,8,80,6.63,14,23852.61,0,0
100,845906049,"2012-11-30 18:54:00",50625.94,82.64,84.03,52651.48,96391,89.47,32.811,41.811,37.311,3.4293,2.39,2.4,2.1,2.1,2.248,2296,8,8,80,5.9,14,23852.61,0,0
100,845906049,"2012-11-30 18:59:00",50633.65,93.45,83.75,52652.03,96396,90.17,32.776,41.776,37.276,3.429,2.39,2.39,2.09,2.1,2.242,2040,10,8,80,6.67,14,23852.61,0,0
100,845906049,"2012-11-30 19:01:00",50636.51,82.6,83.65,52652.24,96398,90.31,32.761,41.761,37.261,3.4289,2.41,2.39,2.11,2.12,2.258,2295,4,8,80,5.9,14,23852.61,0,0
100,845906049,"2012-11-30 19:13:00",50654.71,88.59,83.02,52653.55,96410,90.26,32.677,41.677,37.177,3.4279,2.39,2.4,2.09,2.11,2.248,2462,17,8,80,6.33,14,23852.61,0,0
100,845906049,"2012-11-30 19:20:00",50665.48,89.78,82.64,52654.33,96417,89.28,32.627,41.627,37.127,3.4274,2.41,2.39,2.09,2.09,2.245,2495,6,8,80,6.41,14,23852.61,0,0
100,845906049,"2012-12-02 20:27:00",50703.36,99.39,81.29,52657.03,96440,89.32,32.471,41.471,36.971,3.4259,2.4,2.4,2.1,2.1,2.25,2170,33,8,80,7.1,14,23852.61,0,0
100,845906049,"2012-12-02 20:30:00",50708.61,102.69,81.1,52657.4,96443,89.73,32.449,41.449,36.949,3.4257,2.39,2.39,2.11,2.09,2.245,2242,35,8,80,7.34,14,23852.61,0,0
100,845906049,"2012-12-02 20:34:00",50715.45,107.06,80.86,52657.89,96447,89.76,32.419,41.419,36.919,3.4253,2.42,2.41,2.09,2.11,2.258,2338,35,8,80,7.65,14,23852.61,0,0
100,845906049,"2012-12-02 20:35:00",50717.13,100.63,80.8,52658.01,96448,90.15,32.413,41.413,36.913,3.4253,2.38,2.39,2.09,2.1,2.24,2197,30,8,80,7.19,14,23852.61,0,0
100,845906049,"2012-12-04 22:09:00",50741.79,98,79.91,52659.77,96463,89.65,32.308,41.308,36.808,3.4244,2.41,2.4,2.12,2.09,2.255,2140,22,8,80,7,14,23852.61,0,0
100,845906049,"2012-12-04 22:10:00",50743.5,102.76,79.85,52659.89,96464,89.95,32.3,41.3,36.8,3.4244,2.4,2.4,2.1,2.1,2.25,2244,37,8,80,7.34,14,23852.61,0,0
100,845906049,"2012-12-04 22:16:00",50753.85,106.28,79.49,52660.64,96470,90.14,32.257,41.257,36.757,3.4241,2.39,2.4,2.09,2.1,2.245,2321,44,8,80,7.59,14,23852.61,0,0
100,845906049,"2012-12-04 22:20:00",50760.59,112.86,79.24,52661.12,96474,90.25,32.23,41.23,36.73,3.4237,2.4,2.39,2.09,2.09,2.242,2464,39,8,80,8.06,14,23852.61,0,0
100,845906049,"2012-12-04 22:26:00",50770.94,102.48,78.87,52661.87,96480,89.02,32.189,41.189,36.689,3.4234,2.41,2.4,2.11,2.1,2.255,2238,25,8,80,7.32,14,23852.61,0,0
100,845906049,"2012-12-04 22:27:00",50772.65,102.64,78.81,52661.99,96481,90.38,32.181,41.181,36.681,3.4234,2.37,2.39,2.09,2.1,2.238,2241,34,8,80,7.33,14,23852.61,0,0
100,845906049,"2012-12-04 22:49:00",50810,89.44,77.5,52664.68,96488,90.13,32.136,41.136,36.636,3.4219,2.41,2.39,2.1,2.1,2.25,2485,5,8,80,6.39,14,23852.61,0,0
100,845906049,"2012-12-06 23:58:00",50816.94,33.88,77.24,52665.16,96489,90.27,32.134,41.134,36.634,3.4217,2.42,2.39,2.09,2.09,2.248,2170,13,8,80,2.65,12.8,23852.61,0,0
100,845906049,"2012-12-06 23:59:00",50817.3,21.61,77.23,52665.19,96490,90.11,32.132,41.132,36.632,3.4217,2.41,2.41,2.09,2.09,2.25,1384,7,8,80,1.69,12.8,23852.61,0,0
100,845906049,"2012-12-07 00:04:00",50819.38,39.29,77.15,52665.35,96493,91.26,32.126,41.126,36.626,3.4216,2.4,2.4,2.1,2.11,2.252,1529,8,0,0,3.07,12.8,23852.61,0,0
100,845906049,"2012-12-07 00:06:00",50820.77,49.01,77.1,52665.45,96494,90.57,32.124,41.124,36.624,3.4216,2.39,2.41,2.12,2.1,2.255,1907,1,0,0,3.83,12.8,23852.61,0,0
100,845906049,"2012-12-07 00:11:00",50824.62,78.1,76.95,52665.75,96495,90.01,32.122,41.122,36.622,3.4213,2.42,2.37,2.13,2.11,2.258,2170,12,0,0,6.1,12.8,23852.61,0,0
100,845906049,"2012-12-07 00:32:00",50834.62,36.73,76.53,52666.52,96511,89.25,32.087,41.087,36.587,3.4212,2.41,2.4,2.12,2.11,2.26,1429,15,8,80,2.87,12.8,23852.61,0,0
100,845906049,"2012-12-07 00:38:00",50837.2,1.32,76.44,52666.73,96516,90.5,32.076,41.076,36.576,3.4211,2.43,2.39,2.1,2.09,2.252,800,11,8,80,0.1,12.79,23852.61,0,0
100,845906049,"2012-12-07 00:48:00",50843.78,11.77,76.17,52667.24,96520,90.55,32.068,41.068,36.568,3.421,2.39,2.39,2.09,2.1,2.242,1280,13,8,80,0.92,12.8,23852.61,0,0
100,845906049,"2012-12-07 00:50:00",50844.85,40.26,76.12,52667.32,96521,90,32.066,41.066,36.566,3.421,2.4,2.41,2.1,2.1,2.252,1567,13,0,0,3.15,12.8,23852.61,0,0
100,845906049,"2012-12-07 01:04:00",50852.89,22.45,75.8,52667.95,96527,90.33,32.053,41.053,36.553,3.421,2.4,2.39,2.1,2.11,2.25,1438,15,8,80,1.75,12.8,23852.61,0,0
100,845906049,"2012-12-07 01:06:00",50853.46,9.66,75.77,52667.99,96529,90.58,32.049,41.049,36.549,3.421,2.4,2.39,2.1,2.12,2.253,1051,6,8,80,0.75,12.8,23852.61,0,0
100,845906049,"2012-12-07 01:08:00",50854.93,59.26,75.71,52668.11,96530,89.88,32.046,41.046,36.546,3.4209,2.39,2.42,2.1,2.11,2.255,2306,2,0,0,4.63,12.8,23852.61,0,0
100,845906049,"2012-12-07 01:22:00",50862.39,28.68,75.42,52668.71,96541,89.49,32.023,41.023,36.523,3.4207,2.4,2.41,2.1,2.12,2.258,1837,7,8,80,2.24,12.8,23852.61,0,0
100,845906049,"2012-12-07 01:30:00",50866.03,26.32,75.27,52668.99,96548,90.06,32.008,41.008,36.508,3.4207,2.4,2.39,2.1,2.11,2.25,1686,3,8,80,2.06,12.8,23852.61,0,0
100,845906049,"2012-12-07 01:32:00",50867.11,12.46,75.23,52669.08,96549,89.55,32.005,41.005,36.505,3.4206,2.4,2.41,2.1,2.11,2.255,1355,2,8,80,0.97,12.8,23852.61,0,0
100,845906049,"2012-12-07 01:42:00",50872.25,39.32,75.04,52669.47,96556,88.97,31.989,40.989,36.489,3.4206,2.41,2.4,2.11,2.1,2.255,1530,26,0,0,3.07,12.8,23852.61,0,0
100,845906049,"2012-12-07 01:44:00",50873.14,30.77,75.01,52669.54,96558,89.52,31.985,40.985,36.485,3.4206,2.41,2.39,2.11,2.1,2.252,1971,13,8,80,2.4,12.8,23852.61,0,0
100,845906049,"2012-12-07 01:47:00",50874.38,23.97,74.96,52669.64,96561,90.29,31.979,40.979,36.479,3.4206,2.42,2.4,2.11,2.11,2.26,1535,4,8,80,1.87,12.8,23852.61,0,0
100,845906049,"2012-12-07 01:52:00",50876.65,6.56,74.88,52669.83,96565,90.66,31.97,40.97,36.47,3.4206,2.39,2.39,2.1,2.13,2.253,800,6,8,80,0.51,12.79,23852.61,0,0
100,845906049,"2012-12-07 01:55:00",50877.64,23.5,74.83,52669.9,96568,90.02,31.963,40.963,36.463,3.4206,2.42,2.41,2.1,2.09,2.255,1505,13,8,80,1.84,12.8,23852.61,0,0
100,845906049,"2012-12-07 01:57:00",50879.02,54.97,74.77,52670.01,96569,89.72,31.961,40.961,36.461,3.4206,2.4,2.39,2.09,2.11,2.248,2139,18,0,0,4.29,12.8,23852.61,0,0
100,845906049,"2012-12-07 03:12:00",50880.47,23.66,74.7,52670.12,96571,90.59,31.957,40.957,36.457,3.4206,2.4,2.39,2.09,2.11,2.248,1515,9,8,80,1.85,12.8,23852.61,0,0
100,845906049,"2012-12-07 03:19:00",50884.14,48.9,74.57,52670.41,96575,90.05,31.949,40.949,36.449,3.4205,2.39,2.4,2.1,2.1,2.248,1903,15,0,0,3.82,12.8,23852.61,0,0
100,845906049,"2012-12-07 03:37:00",50893.64,41.15,74.21,52671.15,96587,90.63,31.923,40.923,36.423,3.4204,2.39,2.4,2.09,2.08,2.24,1601,21,0,0,3.22,12.8,23852.61,0,0
100,845906049,"2012-12-07 03:45:00",50899.04,26.06,74,52671.57,96591,90.16,31.915,40.915,36.415,3.4203,2.41,2.4,2.07,2.08,2.24,1669,11,8,80,2.04,12.8,23852.61,0,0
100,845906049,"2012-12-07 03:49:00",50901.16,53.18,73.93,52671.74,96594,90.39,31.908,40.908,36.408,3.4203,2.39,2.38,2.09,2.08,2.235,2070,17,0,0,4.15,12.8,23852.61,0,0
100,845906049,"2012-12-07 11:05:00",50907.58,66.6,73.69,52672.24,96599,90.34,31.896,40.896,36.396,3.4199,2.39,2.41,2.1,2.1,2.25,1851,42,0,0,5.2,12.8,23852.61,0,0
100,845906049,"2012-12-07 11:08:00",50909.2,30.67,73.63,52672.37,96601,90.58,31.892,40.892,36.392,3.4198,2.38,2.4,2.11,2.1,2.247,1964,11,8,80,2.4,12.8,23852.61,0,0
100,845906049,"2012-12-07 11:16:00",50913.61,26.91,73.46,52672.73,96606,90.08,31.882,40.882,36.382,3.4198,2.4,2.4,2.11,2.1,2.252,1723,16,8,80,2.1,12.8,23852.61,0,0
100,845906049,"2012-12-07 11:29:00",50920.61,44.14,73.17,52673.27,96613,90.34,31.867,40.867,36.367,3.4198,2.4,2.4,2.11,2.11,2.255,1718,14,0,0,3.45,12.8,23852.61,0,0
100,845906049,"2012-12-07 11:35:00",50924,38.01,73.05,52673.54,96617,91.49,31.859,40.859,36.359,3.4197,2.38,2.42,2.1,2.08,2.245,1479,5,8,80,2.97,12.8,23852.61,0,0
100,845906049,"2012-12-07 11:40:00",50926.93,50.56,72.94,52673.77,96620,89.1,31.853,40.853,36.353,3.4197,2.4,2.4,2.09,2.09,2.245,1968,10,0,0,3.95,12.8,23852.61,0,0
100,845906049,"2012-12-07 11:42:00",50927.69,36.05,72.91,52673.83,96622,89.75,31.849,40.849,36.349,3.4197,2.39,2.4,2.11,2.08,2.245,1403,8,8,80,2.82,12.8,23852.61,0,0
100,845906049,"2012-12-07 11:43:00",50928.04,20.82,72.9,52673.86,96623,89.9,31.846,40.846,36.346,3.4197,2.41,2.39,2.11,2.11,2.255,1333,5,8,80,1.63,12.8,23852.61,0,0
100,845906049,"2012-12-07 11:46:00",50929.93,44.11,72.82,52674.01,96625,90.49,31.842,40.842,36.342,3.4197,2.42,2.4,2.1,2.1,2.255,1717,13,0,0,3.45,12.8,23852.61,0,0
100,845906049,"2012-12-07 11:49:00",50931.46,34.62,72.76,52674.13,96628,89.85,31.836,40.836,36.336,3.4197,2.42,2.38,2.11,2.1,2.252,2217,12,8,80,2.7,12.8,23852.61,0,0
100,845906049,"2012-12-07 11:54:00",50934.23,44.55,72.65,52674.34,96630,89.78,31.831,40.831,36.331,3.4196,2.4,2.39,2.11,2.11,2.252,1734,9,0,0,3.48,12.8,23852.61,0,0
100,845906049,"2012-12-07 12:00:00",50937.2,18.31,72.54,52674.57,96635,90.3,31.821,40.821,36.321,3.4195,2.4,2.41,2.11,2.09,2.252,1172,12,8,80,1.43,12.8,23852.61,0,0
100,845906049,"2012-12-07 12:19:00",50946.21,5.71,72.2,52675.28,96650,89.64,31.787,40.787,36.287,3.4194,2.39,2.41,2.09,2.09,2.245,800,5,8,80,0.45,12.79,23852.61,0,0
100,845906049,"2012-12-07 12:20:00",50947.03,49.02,72.17,52675.34,96650,89.73,31.787,40.787,36.287,3.4194,2.4,2.38,2.09,2.11,2.245,1908,8,0,0,3.83,12.8,23852.61,0,0
100,845906049,"2012-12-07 12:25:00",50949.82,32.48,72.06,52675.55,96653,89.97,31.78,40.78,36.28,3.4194,2.4,2.41,2.09,2.1,2.25,2080,12,8,80,2.54,12.8,23852.61,0,0
100,845906049,"2012-12-07 12:29:00",50951.81,23.04,71.98,52675.71,96657,89.49,31.771,40.771,36.271,3.4194,2.4,2.42,2.09,2.1,2.252,1475,9,8,80,1.8,12.8,23852.61,0,0
100,845906049,"2012-12-07 12:30:00",50952.14,19.61,71.97,52675.74,96658,90.07,31.769,40.769,36.269,3.4194,2.4,2.4,2.1,2.09,2.248,1256,10,8,80,1.53,12.8,23852.61,0,0
100,845906049,"2012-12-07 12:31:00",50952.84,42.27,71.94,52675.8,96658,90.14,31.769,40.769,36.269,3.4194,2.38,2.39,2.11,2.11,2.247,1645,6,0,0,3.3,12.8,23852.61,0,0
100,845906049,"2012-12-07 12:34:00",50954.35,32.94,71.88,52675.92,96661,90.19,31.763,40.763,36.263,3.4194,2.4,2.4,2.12,2.1,2.255,2110,9,8,80,2.57,12.8,23852.61,0,0
100,845906049,"2012-12-07 12:36:00",50955.23,44.64,71.84,52675.99,96662,90.16,31.761,40.761,36.261,3.4194,2.39,2.4,2.12,2.1,2.252,1737,13,0,0,3.49,12.8,23852.61,0,0
100,845906049,"2012-12-07 12:43:00",50958.8,53.53,71.7,52676.27,96666,90.36,31.752,40.752,36.252,3.4194,2.39,2.39,2.1,2.11,2.248,2083,5,0,0,4.18,12.8,23852.61,0,0
100,845906049,"2012-12-07 12:44:00",50959.7,53.8,71.66,52676.34,96666,90.11,31.752,40.752,36.252,3.4194,2.41,2.4,2.1,2.12,2.258,2094,20,0,0,4.2,12.8,23852.61,0,0
100,845906049,"2012-12-07 12:48:00",50960.94,11.67,71.61,52676.45,96669,90.42,31.746,40.746,36.246,3.4194,2.39,2.39,2.11,2.1,2.248,1269,5,8,80,0.91,12.8,23852.61,0,0
100,845906049,"2012-12-07 12:58:00",50966.77,8.29,71.38,52676.9,96674,90.4,31.736,40.736,36.236,3.4194,2.39,2.41,2.1,2.11,2.252,902,9,8,80,0.65,12.81,23852.61,0,0
100,845906049,"2012-12-07 12:59:00",50967.32,32.99,71.36,52676.94,96675,90.25,31.734,40.734,36.234,3.4194,2.39,2.39,2.11,2.1,2.248,2113,14,8,80,2.58,12.8,23852.61,0,0
100,845906049,"2012-12-07 13:00:00",50967.83,30.28,71.34,52676.98,96676,89.82,31.732,40.732,36.232,3.4194,2.4,2.39,2.11,2.09,2.248,1939,9,8,80,2.37,12.8,23852.61,0,0
100,845906049,"2012-12-07 20:30:00",50969.42,35.61,71.28,52677.11,96677,90.04,31.73,40.73,36.23,3.4194,2.41,2.42,2.1,2.08,2.252,1386,31,8,80,2.78,12.8,23852.61,0,0
100,845906049,"2012-12-07 20:31:00",50969.65,13.58,71.27,52677.13,96678,90.22,31.728,40.728,36.228,3.4194,2.41,2.41,2.11,2.09,2.255,1477,16,8,80,1.06,12.8,23852.61,0,0
100,845906049,"2012-12-07 20:36:00",50973.34,27.1,71.12,52677.42,96680,89.8,31.724,40.724,36.224,3.4194,2.38,2.39,2.11,2.1,2.245,1736,6,8,80,2.12,12.8,23852.61,0,0
100,845906049,"2012-12-07 20:39:00",50974.45,23.16,71.07,52677.51,96683,90.64,31.717,40.717,36.217,3.4194,2.39,2.4,2.11,2.12,2.255,1483,11,8,80,1.81,12.8,23852.61,0,0
100,845906049,"2012-12-07 20:42:00",50976.24,24.64,71,52677.65,96685,90.8,31.713,40.713,36.213,3.4194,2.4,2.4,2.11,2.11,2.255,1578,11,8,80,1.92,12.8,23852.61,0,0
100,845906049,"2012-12-07 20:43:00",50976.78,32.89,70.98,52677.69,96686,90.14,31.711,40.711,36.211,3.4194,2.4,2.42,2.08,2.1,2.25,2106,28,8,80,2.57,12.8,23852.61,0,0
100,845906049,"2012-12-07 20:54:00",50982.24,22.38,70.77,52678.14,96701,89.75,31.68,40.68,36.18,3.4194,2.41,2.42,2.1,2.11,2.26,1433,7,42,410,1.75,12.8,23852.61,0,0
100,845906049,"2012-12-07 20:56:00",50983.99,48.85,70.7,52678.27,96706,89.57,31.668,40.668,36.168,3.4193,2.42,2.41,2.08,2.08,2.248,1901,48,25,250,3.82,12.8,23852.61,0,0
100,845906049,"2012-12-07 20:58:00",50985,24.84,70.66,52678.35,96713,89.97,31.649,40.649,36.149,3.4193,2.4,2.41,2.1,2.09,2.25,1591,6,33,330,1.94,12.8,23852.61,0,0
100,845906049,"2012-12-07 20:59:00",50985.47,28.28,70.64,52678.39,96717,89.87,31.642,40.642,36.142,3.4193,2.4,2.39,2.1,2.09,2.245,1811,4,33,330,2.21,12.8,23852.61,0,0
100,845906049,"2012-12-07 21:02:00",50987.78,41.17,70.54,52678.57,96724,88.97,31.626,40.626,36.126,3.4193,2.4,2.4,2.1,2.09,2.248,1602,36,25,250,3.22,12.8,23852.61,0,0
100,845906049,"2012-12-07 22:19:00",51009.99,111.34,69.73,52680.21,96777,90.9,31.468,40.468,35.968,3.4187,2.39,2.41,2.09,2.09,2.245,2431,81,8,80,7.95,14,23852.61,0,0
100,845906049,"2012-12-07 22:21:00",51013.23,93.59,69.61,52680.44,96779,89.76,31.454,40.454,35.954,3.4185,2.39,2.39,2.09,2.09,2.24,2043,95,8,80,6.69,14,23852.61,0,0
100,845906049,"2012-12-07 22:22:00",51014.89,99.93,69.55,52680.56,96780,89.53,31.446,40.446,35.946,3.4185,2.42,2.4,2.1,2.1,2.255,2182,85,8,80,7.14,14,23852.61,0,0
100,845906049,"2012-12-07 22:25:00",51019.94,110.68,69.36,52680.92,96783,89.98,31.426,40.426,35.926,3.4181,2.41,2.39,2.1,2.1,2.25,2417,74,8,80,7.91,14,23852.61,0,0
100,845906049,"2012-12-07 22:27:00",51023.58,108.01,69.23,52681.18,96785,89.87,31.411,40.411,35.911,3.4181,2.37,2.39,2.12,2.1,2.245,2358,77,8,80,7.72,14,23852.61,0,0
100,845906049,"2012-12-07 22:32:00",51031.89,97.51,68.93,52681.78,96790,90.1,31.376,40.376,35.876,3.4177,2.4,2.4,2.1,2.08,2.245,2129,74,8,80,6.97,14,23852.61,0,0
100,845906049,"2012-12-07 22:33:00",51033.7,108.55,68.87,52681.91,96791,89.64,31.37,40.37,35.87,3.4177,2.41,2.4,2.1,2.1,2.252,2370,78,8,80,7.75,14,23852.61,0,0
100,845906049,"2012-12-07 22:35:00",51037.05,104.13,68.75,52682.15,96793,90.28,31.355,40.355,35.855,3.4176,2.39,2.4,2.09,2.11,2.248,2274,85,8,80,7.44,14,23852.61,0,0
100,845906049,"2012-12-07 22:37:00",51040.35,108.16,68.64,52682.39,96795,89.58,31.343,40.343,35.843,3.4173,2.41,2.41,2.11,2.11,2.26,2362,81,8,80,7.73,14,23852.61,0,0
100,845906049,"2012-12-07 22:38:00",51042.22,112.22,68.57,52682.52,96796,89.78,31.334,40.334,35.834,3.4172,2.4,2.41,2.09,2.08,2.245,2450,81,8,80,8.02,14,23852.61,0,0
100,845906049,"2012-12-07 22:40:00",51045.52,101.24,68.45,52682.76,96798,89.98,31.323,40.323,35.823,3.4172,2.4,2.41,2.11,2.09,2.252,2210,74,8,80,7.23,14,23852.61,0,0
100,845906049,"2012-12-07 22:43:00",51050.27,99.71,68.28,52683.1,96801,90.11,31.304,40.304,35.804,3.417,2.39,2.37,2.11,2.1,2.242,2177,74,8,80,7.12,14,23852.61,0,0
100,845906049,"2012-12-07 22:47:00",51056.9,98.72,68.04,52683.58,96805,89.3,31.275,40.275,35.775,3.4165,2.38,2.38,2.11,2.09,2.24,2155,79,8,80,7.05,14,23852.61,0,0
100,845906049,"2012-12-07 22:48:00",51058.66,105.58,67.98,52683.71,96806,90.26,31.268,40.268,35.768,3.4164,2.42,2.41,2.11,2.1,2.26,2305,78,8,80,7.54,14,23852.61,0,0
100,845906049,"2012-12-07 22:53:00",51067.03,95.78,67.68,52684.31,96811,90.16,31.234,40.234,35.734,3.4162,2.4,2.41,2.1,2.11,2.255,2091,88,8,80,6.84,14,23852.61,0,0
100,845906049,"2012-12-07 23:06:00",51088.99,104.84,66.89,52685.88,96824,90.04,31.146,40.146,35.646,3.4156,2.41,2.4,2.11,2.1,2.255,2289,78,8,80,7.49,14,23852.61,0,0
100,845906049,"2012-12-08 23:13:00",51100.77,98.44,66.46,52686.71,96831,89.96,31.099,40.099,35.599,3.4153,2.4,2.39,2.1,2.11,2.25,2149,20,8,80,7.03,14,23852.61,0,0
100,845906049,"2012-12-08 23:19:00",51111.12,99.34,66.09,52687.45,96837,89.79,31.057,40.057,35.557,3.4148,2.39,2.41,2.11,2.09,2.25,2169,12,8,80,7.1,14,23852.61,0,0
100,845906049,"2012-12-08 23:28:00",51125.93,96.4,65.55,52688.51,96846,90.32,30.998,39.998,35.498,3.4144,2.42,2.4,2.1,2.1,2.255,2105,12,8,80,6.89,14,23852.61,0,0
100,845906049,"2012-12-08 23:32:00",51132.48,94.09,65.31,52688.97,96850,90.19,30.972,39.972,35.472,3.4142,2.4,2.41,2.09,2.1,2.25,2054,13,8,80,6.72,14,23852.61,0,0
100,845906049,"2012-12-08 23:38:00",51142.54,96.87,64.95,52689.69,96856,90,30.932,39.932,35.432,3.4139,2.41,2.4,2.1,2.1,2.252,2115,11,8,80,6.92,14,23852.61,0,0
100,845906049,"2012-12-08 23:41:00",51147.77,103.5,64.76,52690.06,96859,90.29,30.913,39.913,35.413,3.4139,2.4,2.4,2.08,2.1,2.245,2260,29,8,80,7.39,14,23852.61,0,0
100,845906049,"2012-12-08 23:47:00",51157.79,106.14,64.4,52690.78,96865,89.8,30.875,39.875,35.375,3.4135,2.4,2.39,2.11,2.09,2.248,2317,26,8,80,7.58,14,23852.61,0,0
100,845906049,"2012-12-08 23:51:00",51164.29,102.79,64.17,52691.25,96869,89.82,30.85,39.85,35.35,3.4131,2.41,2.38,2.09,2.11,2.248,2244,21,8,80,7.34,14,23852.61,0,0
100,845906049,"2012-12-08 23:58:00",51176.03,88.59,63.76,52692.08,96876,89.6,30.801,39.801,35.301,3.4129,2.41,2.39,2.1,2.1,2.25,2462,10,8,80,6.33,14,23852.61,0,0
100,845906049,"2012-12-09 00:00:00",51179.28,104.04,63.65,52692.31,96878,90.84,30.788,39.788,35.288,3.4128,2.39,2.4,2.11,2.09,2.248,2272,45,8,80,7.43,14,23852.61,0,0
100,845906049,"2012-12-09 14:52:00",51198.36,109.62,62.96,52693.67,96889,89.56,30.714,39.714,35.214,3.4123,2.41,2.42,2.09,2.1,2.255,2393,31,8,80,7.83,14,23852.61,0,0
100,845906049,"2012-12-09 14:53:00",51200.22,111.73,62.89,52693.8,96890,89.42,30.708,39.708,35.208,3.4122,2.4,2.39,2.11,2.11,2.252,2440,38,8,80,7.98,14,23852.61,0,0
100,845906049,"2012-12-09 14:59:00",51210.09,96.83,62.54,52694.52,96896,90.18,30.665,39.665,35.165,3.4119,2.4,2.39,2.1,2.1,2.248,2114,17,8,80,6.92,14,23852.61,0,0
100,845906049,"2012-12-09 15:04:00",51218.17,94.77,62.24,52695.09,96901,90.44,30.632,39.632,35.132,3.4115,2.41,2.38,2.12,2.11,2.255,2069,10,8,80,6.77,14,23852.61,0,0
100,845906049,"2012-12-09 15:09:00",51226.51,99.54,61.94,52695.69,96906,89.67,30.598,39.598,35.098,3.411,2.4,2.39,2.11,2.11,2.252,2173,3,8,80,7.11,14,23852.61,0,0
100,845906049,"2012-12-09 15:14:00",51234.86,109.29,61.64,52696.28,96911,90.05,30.564,39.564,35.064,3.4108,2.41,2.4,2.09,2.11,2.252,2386,29,8,80,7.81,14,23852.61,0,0
100,845906049,"2012-12-09 15:17:00",51240.22,98.26,61.45,52696.67,96914,90.9,30.544,39.544,35.044,3.4105,2.39,2.4,2.08,2.1,2.242,2145,6,8,80,7.02,14,23852.61,0,0
100,845906049,"2012-12-09 15:29:00",51260.47,91.28,60.72,52698.12,96926,89.01,30.464,39.464,34.964,3.4101,2.38,2.39,2.12,2.13,2.255,1993,16,8,80,6.52,14,23852.61,0,0
100,845906049,"2012-12-09 15:32:00",51265.77,103.11,60.54,52698.5,96929,90.63,30.444,39.444,34.944,3.41,2.4,2.4,2.09,2.11,2.25,2251,24,8,80,7.37,14,23852.61,0,0
100,845906049,"2012-12-09 15:39:00",51277.62,89.77,60.12,52699.35,96936,89.4,30.396,39.396,34.896,3.4094,2.42,2.39,2.1,2.11,2.255,2494,17,8,80,6.41,14,23852.61,0,0
100,845906049,"2012-12-09 15:41:00",51281.08,103.1,60,52699.59,96938,91.51,30.379,39.379,34.879,3.4092,2.38,2.42,2.1,2.09,2.248,2251,26,8,80,7.36,14,23852.61,0,0
100,845906049,"2012-12-09 15:44:00",51286.26,95.78,59.81,52699.95,96941,90.51,30.359,39.359,34.859,3.4089,2.41,2.42,2.08,2.12,2.258,2091,9,8,80,6.84,14,23852.61,0,0
100,845906049,"2012-12-09 15:46:00",51289.45,99.49,59.7,52700.18,96943,90.02,30.346,39.346,34.846,3.4089,2.39,2.4,2.11,2.1,2.25,2172,-3,8,80,7.11,14,23852.61,0,0
100,845906049,"2012-12-09 15:47:00",51291.04,95.09,59.64,52700.29,96944,90.87,30.34,39.34,34.84,3.4088,2.38,2.39,2.09,2.1,2.24,2076,19,8,80,6.79,14,23852.61,0,0
100,845906049,"2012-12-09 15:48:00",51292.67,98.03,59.58,52700.41,96945,89.88,30.333,39.333,34.833,3.4088,2.41,2.39,2.11,2.11,2.255,2140,9,8,80,7,14,23852.61,0,0
100,845906049,"2012-12-09 15:50:00",51295.71,85.87,59.47,52700.63,96947,90.52,30.321,39.321,34.821,3.4086,2.4,2.4,2.09,2.1,2.248,2386,22,8,80,6.13,14,23852.61,0,0
100,845906049,"2012-12-09 15:57:00",51307.18,91.7,59.06,52701.46,96954,89.63,30.271,39.271,34.771,3.4075,2.41,2.4,2.09,2.12,2.255,2002,14,8,80,6.55,14,23852.61,0,0
100,845906049,"2012-12-09 16:03:00",51317.05,96.37,58.71,52702.16,96960,90.71,30.23,39.23,34.73,3.4071,2.4,2.38,2.1,2.1,2.245,2104,3,8,80,6.88,14,23852.61,0,0
100,845906049,"2012-12-09 16:27:00",51356.51,95.42,57.26,52704.99,96984,89.47,30.076,39.076,34.576,3.4058,2.41,2.39,2.1,2.09,2.248,2083,8,8,80,6.82,14,23852.61,0,0
100,845906049,"2012-12-09 16:30:00",51361.68,106.77,57.08,52705.36,96987,89.75,30.055,39.055,34.555,3.4056,2.41,2.4,2.1,2.09,2.25,2331,23,8,80,7.63,14,23852.61,0,0
100,845906049,"2012-12-09 16:33:00",51366.8,110.75,56.89,52705.73,96990,90.69,30.035,39.035,34.535,3.4053,2.41,2.4,2.09,2.1,2.25,2418,33,8,80,7.91,14,23852.61,0,0
100,845906049,"2012-12-09 16:38:00",51374.87,101.66,56.6,52706.31,96995,89.75,30.004,39.004,34.504,3.405,2.4,2.42,2.1,2.09,2.252,2220,14,8,80,7.26,14,23852.61,0,0
100,845906049,"2012-12-09 16:39:00",51376.27,83.85,56.55,52706.41,96996,89.5,29.997,38.997,34.497,3.4049,2.41,2.39,2.11,2.1,2.252,2330,10,8,80,5.99,14,23852.61,0,0
100,845906049,"2012-12-09 16:40:00",51378.02,104.85,56.49,52706.53,96997,90.21,29.989,38.989,34.489,3.4049,2.41,2.41,2.11,2.1,2.258,2289,23,8,80,7.49,14,23852.61,0,0
100,845906049,"2012-12-09 16:42:00",51381.26,99.5,56.37,52706.76,96999,89.77,29.976,38.976,34.476,3.4047,2.39,2.4,2.12,2.11,2.255,2172,3,8,80,7.11,14,23852.61,0,0
100,845906049,"2012-12-09 16:43:00",51382.9,98.08,56.31,52706.88,97000,90.48,29.971,38.971,34.471,3.4047,2.41,2.4,2.1,2.09,2.25,2141,9,8,80,7.01,14,23852.61,0,0
100,845906049,"2012-12-09 16:47:00",51389.59,97.69,56.07,52707.37,97004,89.48,29.944,38.944,34.444,3.4043,2.4,2.39,2.1,2.08,2.242,2133,3,8,80,6.98,14,23852.61,0,0
100,845906049,"2012-12-11 23:30:00",51397.79,93.28,55.77,52707.95,97009,89.58,29.911,38.911,34.411,3.404,2.4,2.4,2.12,2.09,2.252,2037,15,8,80,6.66,14,23852.61,0,0
100,845906049,"2012-12-11 23:45:00",51423.32,100.97,54.86,52709.77,97024,89.54,29.814,38.814,34.314,3.4033,2.4,2.4,2.1,2.09,2.248,2205,11,8,80,7.21,14,23852.61,0,0
100,845906049,"2012-12-11 23:49:00",51430.38,100.36,54.61,52710.28,97028,90.05,29.787,38.787,34.287,3.4031,2.4,2.41,2.1,2.11,2.255,2191,2,8,80,7.17,14,23852.61,0,0
100,845906049,"2012-12-12 00:01:00",51450.03,91.45,53.91,52711.68,97040,90.07,29.706,38.706,34.206,3.4026,2.41,2.41,2.11,2.1,2.258,1997,-1,8,80,6.53,14,23852.61,0,0
100,845906049,"2012-12-12 00:15:00",51473.18,106.46,53.1,52713.34,97054,90.72,29.609,38.609,34.109,3.4014,2.39,2.41,2.11,2.12,2.258,2324,30,8,80,7.6,14,23852.61,0,0
100,845906049,"2012-12-12 00:20:00",51481.45,102.76,52.81,52713.92,97059,89.74,29.573,38.573,34.073,3.4011,2.4,2.39,2.11,2.1,2.25,2244,25,8,80,7.34,14,23852.61,0,0
100,845906049,"2012-12-12 00:25:00",51489.78,107.05,52.51,52714.51,97064,90.38,29.539,38.539,34.039,3.4008,2.39,2.41,2.11,2.12,2.258,2337,24,8,80,7.65,14,23852.61,0,0
100,845906049,"2012-12-12 00:27:00",51493,96.86,52.39,52714.74,97066,90.2,29.524,38.524,34.024,3.4007,2.41,2.39,2.1,2.1,2.25,2115,13,8,80,6.92,14,23852.61,0,0
100,845906049,"2012-12-12 21:03:00",51496.61,106.36,52.26,52715,97068,89.13,29.512,38.512,34.012,3.4006,2.4,2.4,2.12,2.09,2.252,2322,3,8,80,7.6,14,23852.61,0,0
100,845906049,"2012-12-12 21:07:00",51503.06,94.73,52.02,52715.45,97072,90.44,29.482,38.482,33.982,3.4005,2.4,2.4,2.1,2.09,2.248,2068,4,8,80,6.77,14,23852.61,0,0
100,845906049,"2012-12-12 21:13:00",51512.87,101.28,51.67,52716.16,97078,89.81,29.443,38.443,33.943,3.3999,2.4,2.39,2.08,2.1,2.242,2211,5,8,80,7.23,14,23852.61,0,0
100,845906049,"2012-12-12 21:14:00",51514.49,97.23,51.61,52716.28,97079,91,29.437,38.437,33.937,3.3998,2.41,2.39,2.1,2.1,2.25,2123,13,8,80,6.95,14,23852.61,0,0
100,845906049,"2012-12-12 21:17:00",51519.39,96.23,51.43,52716.62,97082,90.34,29.418,38.418,33.918,3.3998,2.41,2.39,2.1,2.11,2.252,2101,15,8,80,6.87,14,23852.61,0,0
100,845906049,"2012-12-12 21:20:00",51524.35,107.5,51.26,52716.98,97085,90,29.397,38.397,33.897,3.3995,2.42,2.4,2.1,2.1,2.255,2347,12,8,80,7.68,14,23852.61,0,0
100,845906049,"2012-12-12 21:21:00",51526.29,116.69,51.19,52717.12,97086,90.75,29.39,38.39,33.89,3.3995,2.39,2.39,2.1,2.11,2.248,2548,39,8,80,8.34,14,23852.61,0,0
100,845906049,"2012-12-12 21:25:00",51533.16,104.36,50.95,52717.61,97090,90.67,29.365,38.365,33.865,3.3993,2.39,2.41,2.1,2.11,2.252,2279,8,8,80,7.45,14,23852.61,0,0
100,845906049,"2012-12-12 21:30:00",51541.35,100.64,50.66,52718.19,97095,89.73,29.331,38.331,33.831,3.399,2.4,2.39,2.11,2.1,2.25,2197,10,8,80,7.19,14,23852.61,0,0
100,845906049,"2012-12-12 21:48:00",51571.92,105.48,49.57,52720.36,97113,90.39,29.211,38.211,33.711,3.398,2.41,2.4,2.1,2.11,2.255,2303,11,8,80,7.53,14,23852.61,0,0
100,845906049,"2012-12-12 21:55:00",51583.47,111.07,49.14,52721.19,97120,89.89,29.163,38.163,33.663,3.3976,2.4,2.39,2.1,2.1,2.248,2425,29,8,80,7.93,14,23852.61,0,0
100,845906049,"2012-12-12 21:57:00",51586.76,104.32,49.02,52721.42,97122,89.85,29.15,38.15,33.65,3.3975,2.39,2.41,2.11,2.1,2.252,2278,11,8,80,7.45,14,23852.61,0,0
100,845906049,"2012-12-12 22:00:00",51591.55,94.62,48.85,52721.76,97125,90.73,29.13,38.13,33.63,3.3973,2.39,2.41,2.11,2.1,2.252,2066,4,8,80,6.76,14,23852.61,0,0
100,845906049,"2012-12-12 23:53:00",51618.87,109.67,47.88,52723.71,97129,89.32,29.104,38.104,33.604,3.3967,2.41,2.41,2.11,2.1,2.258,2395,46,0,0,7.83,14,23852.61,0,0
100,845906049,"2012-12-12 23:54:00",51620.66,107.08,47.82,52723.84,97129,89.54,29.104,38.104,33.604,3.3967,2.42,2.4,2.11,2.11,2.26,2338,33,0,0,7.65,14,23852.61,0,0
100,845906049,"2012-12-13 00:00:00",51630.69,114.64,47.46,52724.56,97129,90.92,29.104,38.104,33.604,3.3959,2.39,2.4,2.1,2.1,2.248,2503,31,0,0,8.19,14,23852.61,0,0
100,845906049,"2012-12-13 00:01:00",51632.42,103.73,47.4,52724.68,97129,90.58,29.104,38.104,33.604,3.3959,2.4,2.39,2.1,2.1,2.248,2265,34,0,0,7.41,14,23852.61,0,0
100,845906049,"2012-12-13 00:04:00",51637.26,102.63,47.23,52725.03,97129,89.44,29.104,38.104,33.604,3.3957,2.4,2.41,2.1,2.09,2.25,2241,34,0,0,7.33,14,23852.61,0,0
100,845906049,"2012-12-13 00:06:00",51640.69,104.36,47.11,52725.27,97129,90.36,29.104,38.104,33.604,3.3956,2.37,2.38,2.12,2.09,2.24,2279,23,0,0,7.45,14,23852.61,0,0
100,845906049,"2012-12-13 00:07:00",51642.19,90.09,47.06,52725.38,97129,91.21,29.104,38.104,33.604,3.3956,2.39,2.39,2.11,2.1,2.248,1967,18,0,0,6.43,14,23852.61,0,0
100,845906049,"2012-12-13 00:08:00",51643.8,96.54,47,52725.49,97129,89.01,29.104,38.104,33.604,3.3956,2.4,2.39,2.1,2.12,2.253,2108,9,0,0,6.9,14,23852.61,0,0
100,845906049,"2012-12-13 00:30:00",51680.14,94.18,45.69,52728.08,97129,90,29.104,38.104,33.604,3.3941,2.4,2.39,2.1,2.1,2.248,2056,16,0,0,6.73,14,23852.61,0,0
100,845906049,"2012-12-13 00:44:00",51703.39,98.72,44.85,52729.73,97129,89.9,29.104,38.104,33.604,3.3936,2.4,2.4,2.1,2.09,2.248,2155,19,0,0,7.05,14,23852.61,0,0
100,845906049,"2012-12-13 00:55:00",51721.8,99.2,44.19,52731.05,97129,90.44,29.104,38.104,33.604,3.393,2.38,2.39,2.1,2.12,2.247,2166,4,0,0,7.09,14,23852.61,0,0
100,845906049,"2012-12-13 00:57:00",51725.17,93.92,44.07,52731.29,97129,89.34,29.104,38.104,33.604,3.3929,2.41,2.41,2.09,2.08,2.248,2051,8,0,0,6.71,14,23852.61,0,0
100,845906049,"2012-12-13 01:19:00",51761.94,105.51,42.75,52733.92,97129,89.37,29.104,38.104,33.604,3.3923,2.39,2.4,2.1,2.09,2.245,2304,30,0,0,7.54,14,23852.61,0,0
100,845906049,"2012-12-13 01:24:00",51770.24,99.65,42.45,52734.51,97129,90.69,29.104,38.104,33.604,3.3921,2.4,2.39,2.09,2.09,2.242,2176,39,0,0,7.12,14,23852.61,0,0
100,845906049,"2012-12-13 01:28:00",51777.33,104.78,42.21,52735.02,97129,89.88,29.104,38.104,33.604,3.392,2.42,2.4,2.09,2.08,2.248,2288,30,0,0,7.48,14,23852.61,0,0
100,845906049,"2012-12-15 09:57:00",51800.79,47.1,41.35,52736.75,97146,89.62,29.064,38.064,33.564,3.3912,2.41,2.41,2.11,2.11,2.26,1833,13,8,80,3.68,12.8,23852.61,0,0
100,845906049,"2012-12-15 09:59:00",51801.18,7.85,41.33,52736.78,97150,90.34,29.055,38.055,33.555,3.3912,2.39,2.41,2.1,2.1,2.25,854,4,17,160,0.61,12.8,23852.61,0,0
100,845906049,"2012-12-15 10:00:00",51801.36,11.09,41.32,52736.79,97152,89.75,29.052,38.052,33.552,3.3912,2.39,2.39,2.13,2.07,2.245,1206,10,17,160,0.87,12.8,23852.61,0,0
100,845906049,"2012-12-15 10:07:00",51805.63,50.62,41.16,52737.13,97161,90.81,29.031,38.031,33.531,3.391,2.42,2.41,2.1,2.09,2.255,1970,7,8,80,3.95,12.8,23852.61,0,0
100,845906049,"2012-12-15 10:13:00",51809.08,24.59,41.01,52737.4,97170,89.24,29.012,38.012,33.512,3.3909,2.39,2.42,2.11,2.08,2.25,1575,16,17,160,1.92,12.8,23852.61,0,0
100,845906049,"2012-12-15 10:14:00",51809.43,20.99,41,52737.43,97172,90.04,29.007,38.007,33.507,3.3909,2.4,2.41,2.11,2.1,2.255,1344,15,17,160,1.64,12.8,23852.61,0,0
100,845906049,"2012-12-15 10:20:00",51811.85,10.71,40.9,52737.61,97183,90.57,28.982,37.982,33.482,3.3909,2.39,2.4,2.1,2.11,2.25,1165,8,17,160,0.84,12.8,23852.61,0,0
100,845906049,"2012-12-15 10:23:00",51812.69,25.18,40.86,52737.67,97189,89.71,28.969,37.969,33.469,3.3909,2.4,2.38,2.1,2.08,2.24,1613,16,17,160,1.97,12.8,23852.61,0,0
100,845906049,"2012-12-15 10:27:00",51815.1,40.07,40.76,52737.86,97194,90.13,28.958,37.958,33.458,3.3908,2.39,2.39,2.1,2.09,2.242,1559,14,8,80,3.13,12.8,23852.61,0,0
100,845906049,"2012-12-15 10:29:00",51816.48,37.2,40.71,52737.97,97196,90.79,28.953,37.953,33.453,3.3908,2.4,2.41,2.09,2.09,2.248,1448,6,8,80,2.91,12.8,23852.61,0,0
100,845906049,"2012-12-15 10:36:00",51820.76,34.62,40.55,52738.3,97204,89.88,28.936,37.936,33.436,3.3906,2.38,2.4,2.1,2.1,2.245,2217,9,8,80,2.71,12.8,23852.61,0,0
100,845906049,"2012-12-15 10:38:00",51821.79,35.29,40.51,52738.38,97207,89.92,28.93,37.93,33.43,3.3905,2.42,2.4,2.1,2.1,2.255,1373,10,8,80,2.76,12.8,23852.61,0,0
100,845906049,"2012-12-15 10:42:00",51824.19,35.79,40.42,52738.57,97212,90.19,28.919,37.919,33.419,3.3904,2.41,2.4,2.1,2.11,2.255,1393,5,8,80,2.8,12.8,23852.61,0,0
100,845906049,"2012-12-15 10:46:00",51825.41,18.66,40.37,52738.66,97220,90.08,28.902,37.902,33.402,3.3904,2.41,2.41,2.11,2.11,2.26,1195,4,17,160,1.46,12.8,23852.61,0,0
100,845906049,"2012-12-15 10:47:00",51826.26,50.86,40.34,52738.73,97221,89.71,28.899,37.899,33.399,3.3904,2.41,2.39,2.09,2.1,2.248,1979,8,8,80,3.97,12.8,23852.61,0,0
100,845906049,"2012-12-15 10:54:00",51830.3,23.51,40.18,52739.05,97232,89.35,28.875,37.875,33.375,3.3903,2.39,2.39,2.09,2.12,2.248,1506,7,17,160,1.84,12.8,23852.61,0,0
100,845906049,"2012-12-15 10:59:00",51832.56,29.91,40.09,52739.23,97240,90.59,28.856,37.856,33.356,3.3903,2.42,2.41,2.1,2.11,2.26,1916,4,17,160,2.34,12.8,23852.61,0,0
100,845906049,"2012-12-15 11:02:00",51834.27,20.84,40.03,52739.36,97244,90.31,28.848,37.848,33.348,3.3903,2.39,2.39,2.1,2.09,2.242,1335,0,17,160,1.63,12.8,23852.61,0,0
100,845906049,"2012-12-15 11:06:00",51836.77,28.12,39.93,52739.56,97249,89.95,28.837,37.837,33.337,3.3903,2.39,2.41,2.1,2.08,2.245,1801,7,17,160,2.2,12.8,23852.61,0,0
100,845906049,"2012-12-15 11:07:00",51836.89,7.16,39.93,52739.57,97251,88.49,28.832,37.832,33.332,3.3903,2.39,2.4,2.08,2.09,2.24,800,11,17,160,0.56,12.81,23852.61,0,0
100,845906049,"2012-12-15 11:09:00",51837.58,21.58,39.91,52739.63,97255,89.79,28.823,37.823,33.323,3.3903,2.39,2.38,2.1,2.08,2.238,1382,14,17,160,1.69,12.8,23852.61,0,0
100,845906049,"2012-12-15 11:11:00",51839.25,46.21,39.84,52739.76,97256,90.56,28.821,37.821,33.321,3.3903,2.4,2.39,2.09,2.09,2.242,1798,15,8,80,3.61,12.8,23852.61,0,0
100,845906049,"2012-12-15 11:13:00",51840.38,34.76,39.8,52739.85,97258,89.29,28.817,37.817,33.317,3.3903,2.38,2.42,2.1,2.11,2.252,2226,8,8,80,2.72,12.8,23852.61,0,0
100,845906049,"2012-12-15 11:16:00",51841.69,32.39,39.75,52739.95,97263,90.31,28.806,37.806,33.306,3.3903,2.4,2.4,2.11,2.11,2.255,2074,6,17,160,2.53,12.8,23852.61,0,0
100,845906049,"2012-12-15 14:10:00",51843.3,64.84,39.69,52740.07,97265,89.65,28.801,37.801,33.301,3.3903,2.4,2.4,2.09,2.1,2.248,2523,58,0,0,5.07,12.8,23852.61,0,0
100,845906049,"2012-12-15 14:11:00",51843.9,36.1,39.67,52740.12,97266,90.07,28.798,37.798,33.298,3.3903,2.39,2.41,2.1,2.11,2.252,1405,29,8,80,2.82,12.8,23852.61,0,0
100,845906049,"2012-12-15 14:15:00",51845.3,45.21,39.61,52740.23,97273,88.97,28.783,37.783,33.283,3.3903,2.4,2.4,2.09,2.12,2.252,1759,46,8,80,3.53,12.8,23852.61,0,0
100,845906049,"2012-12-15 14:19:00",51847.27,8.92,39.54,52740.39,97278,89.84,28.771,37.771,33.271,3.3902,2.41,2.4,2.1,2.1,2.252,970,17,17,160,0.7,12.8,23852.61,0,0
100,845906049,"2012-12-15 14:20:00",51847.91,37.99,39.52,52740.44,97279,89.97,28.769,37.769,33.269,3.3902,2.4,2.4,2.11,2.11,2.255,1478,33,8,80,2.97,12.8,23852.61,0,0
100,845906049,"2012-12-15 14:28:00",51852.42,32.58,39.35,52740.81,97290,89.52,28.743,37.743,33.243,3.39,2.42,2.39,2.09,2.09,2.248,2087,26,17,160,2.55,12.8,23852.61,0,0
100,845906049,"2012-12-15 14:34:00",51855.42,36.76,39.24,52741.05,97298,90.09,28.726,37.726,33.226,3.3899,2.4,2.4,2.1,2.11,2.252,1430,22,8,80,2.87,12.8,23852.61,0,0
100,845906049,"2012-12-15 14:48:00",51861.73,0.56,38.99,52741.54,97321,90.01,28.676,37.676,33.176,3.3898,2.4,2.4,2.09,2.12,2.252,800,21,17,160,0.04,12.91,23852.61,0,0
100,845906049,"2012-12-15 14:53:00",51864.45,18.03,38.89,52741.76,97329,90.79,28.661,37.661,33.161,3.3898,2.41,2.4,2.09,2.1,2.25,1155,12,17,160,1.41,12.8,23852.61,0,0
100,845906049,"2012-12-15 14:58:00",51866.96,24.03,38.79,52741.96,97337,89.66,28.644,37.644,33.144,3.3898,2.4,2.41,2.11,2.09,2.252,1539,5,17,160,1.88,12.8,23852.61,0,0
100,845906049,"2012-12-15 15:10:00",51872.25,33.48,38.59,52742.37,97358,89.32,28.598,37.598,33.098,3.3898,2.4,2.39,2.1,2.11,2.25,2144,25,8,80,2.62,12.8,23852.61,0,0
100,845906049,"2012-12-15 15:12:00",51873.63,50.89,38.54,52742.48,97361,89.51,28.592,37.592,33.092,3.3898,2.41,2.41,2.1,2.1,2.255,1980,42,8,80,3.98,12.8,23852.61,0,0
100,845906049,"2012-12-15 15:17:00",51876.4,29.14,38.44,52742.71,97368,89.47,28.576,37.576,33.076,3.3897,2.42,2.41,2.11,2.1,2.26,1866,10,17,160,2.28,12.8,23852.61,0,0
100,845906049,"2012-12-15 15:20:00",51878.09,46.71,38.37,52742.84,97373,90.3,28.565,37.565,33.065,3.3897,2.4,2.4,2.1,2.1,2.25,1818,26,8,80,3.65,12.8,23852.61,0,0
100,845906049,"2012-12-15 15:22:00",51879.22,24.33,38.32,52742.93,97376,89.6,28.558,37.558,33.058,3.3897,2.41,2.4,2.11,2.09,2.252,1558,2,17,160,1.9,12.8,23852.61,0,0
100,845906049,"2012-12-15 15:26:00",51881.05,45.39,38.24,52743.07,97382,89.62,28.544,37.544,33.044,3.3897,2.4,2.4,2.08,2.1,2.245,1766,38,8,80,3.55,12.8,23852.61,0,0
100,845906049,"2012-12-15 15:30:00",51882.71,28.57,38.17,52743.2,97390,90.34,28.526,37.526,33.026,3.3897,2.41,2.41,2.09,2.1,2.252,1830,9,17,160,2.23,12.8,23852.61,0,0
100,845906049,"2012-12-15 15:34:00",51883.29,11.54,38.14,52743.25,97398,89.27,28.506,37.506,33.006,3.3897,2.41,2.39,2.08,2.09,2.242,1255,17,17,160,0.9,12.8,23852.61,0,0
100,845906049,"2012-12-15 15:36:00",51884.09,20.23,38.11,52743.32,97402,90.33,28.496,37.496,32.996,3.3897,2.41,2.39,2.1,2.1,2.25,1295,3,17,160,1.58,12.8,23852.61,0,0
100,845906049,"2012-12-15 15:39:00",51885.33,24.3,38.06,52743.42,97407,89.51,28.485,37.485,32.985,3.3897,2.4,2.39,2.09,2.11,2.248,1556,8,17,160,1.9,12.8,23852.61,0,0
100,845906049,"2012-12-15 15:45:00",51887.81,20.89,37.97,52743.61,97418,89.57,28.461,37.461,32.961,3.3897,2.42,2.4,2.11,2.09,2.255,1338,17,17,160,1.63,12.8,23852.61,0,0
100,845906049,"2012-12-15 15:53:00",51890.61,22.16,37.88,52743.83,97431,89.74,28.434,37.434,32.934,3.3895,2.4,2.41,2.1,2.09,2.25,1419,25,17,160,1.73,12.8,23852.61,0,0
100,845906049,"2012-12-15 15:55:00",51891.91,41.73,37.83,52743.93,97433,89.91,28.43,37.43,32.93,3.3895,2.4,2.4,2.1,2.1,2.25,1624,39,8,80,3.26,12.8,23852.61,0,0
100,845906049,"2012-12-15 15:58:00",51893.98,45.3,37.75,52744.09,97437,89.74,28.423,37.423,32.923,3.3895,2.4,2.38,2.1,2.1,2.245,1763,31,8,80,3.54,12.8,23852.61,0,0
100,845906049,"2012-12-15 16:06:00",51897.5,30.72,37.62,52744.37,97451,91.21,28.393,37.393,32.893,3.3895,2.39,2.4,2.1,2.11,2.25,1967,19,17,160,2.4,12.8,23852.61,0,0
100,845906049,"2012-12-15 16:07:00",51897.89,23.69,37.6,52744.4,97453,90.15,28.388,37.388,32.888,3.3895,2.39,2.4,2.11,2.11,2.252,1517,12,17,160,1.85,12.8,23852.61,0,0
100,845906049,"2012-12-15 23:46:00",51902.8,13.66,37.4,52744.78,97471,90.03,28.347,37.347,32.847,3.3893,2.4,2.4,2.09,2.1,2.248,1486,26,17,160,1.07,12.8,23852.61,0,0
100,845906049,"2012-12-15 23:55:00",51909.24,46.06,37.16,52745.29,97479,90.6,28.328,37.328,32.828,3.3893,2.41,2.4,2.09,2.09,2.248,1792,69,8,80,3.6,12.8,23852.61,0,0
100,845906049,"2012-12-16 00:04:00",51913.27,10.67,37,52745.6,97498,90.24,28.284,37.284,32.784,3.3892,2.39,2.41,2.1,2.08,2.245,1161,34,42,410,0.83,12.8,23852.61,0,0
100,845906049,"2012-12-16 00:33:00",51929.61,12.55,36.36,52746.87,97583,90.97,28.094,37.094,32.594,3.3889,2.42,2.4,2.1,2.1,2.255,1365,39,42,410,0.98,12.8,23852.61,0,0
100,845906049,"2012-12-16 00:35:00",51930.18,21.25,36.34,52746.92,97592,90.57,28.073,37.073,32.573,3.3889,2.39,2.39,2.11,2.13,2.255,1361,41,33,330,1.66,12.8,23852.61,0,0
100,845906049,"2012-12-16 00:44:00",51935.68,48.79,36.13,52747.34,97616,90.05,28.017,37.017,32.517,3.3889,2.41,2.4,2.1,2.09,2.25,1899,69,17,160,3.81,12.8,23852.61,0,0
100,845906049,"2012-12-16 00:49:00",51938.05,50,36.04,52747.53,97633,90.78,27.978,36.978,32.478,3.3888,2.4,2.4,2.11,2.11,2.255,1946,68,17,160,3.91,12.8,23852.61,0,0
100,845906049,"2012-12-16 01:03:00",51944.3,35.85,35.8,52748.03,97683,90.38,27.867,36.867,32.367,3.3887,2.4,2.42,2.11,2.12,2.262,1395,59,25,250,2.8,12.8,23852.61,0,0
100,845906049,"2012-12-16 01:04:00",51944.69,23.68,35.78,52748.06,97687,90.74,27.856,36.856,32.356,3.3887,2.41,2.39,2.1,2.1,2.25,1516,42,33,330,1.85,12.8,23852.61,0,0
100,845906049,"2012-12-16 21:55:00",51974.5,109.13,34.73,52750.2,97693,89.9,27.838,36.838,32.338,3.3875,2.39,2.39,2.1,2.1,2.245,2383,79,0,0,7.8,14,23852.61,0,0
100,845906049,"2012-12-16 21:56:00",51976.29,107.02,34.67,52750.33,97693,91.21,27.838,36.838,32.338,3.3873,2.4,2.4,2.1,2.11,2.252,2337,78,0,0,7.64,14,23852.61,0,0
100,845906049,"2012-12-16 22:00:00",51982.83,97.01,34.43,52750.8,97693,90.46,27.838,36.838,32.338,3.3872,2.39,2.41,2.09,2.08,2.242,2118,78,0,0,6.93,14,23852.61,0,0
100,845906049,"2012-12-16 22:02:00",51985.88,87.12,34.32,52751.01,97694,89.45,27.83,36.83,32.33,3.387,2.42,2.42,2.11,2.09,2.26,2421,84,8,80,6.22,14,23852.61,0,0
100,845906049,"2012-12-16 22:32:00",52036.55,96.59,32.51,52754.61,97697,89.32,27.811,36.811,32.311,3.3853,2.4,2.41,2.09,2.11,2.252,2109,79,0,0,6.9,14,23852.61,0,0
100,845906049,"2012-12-16 22:42:00",52053,103.8,31.92,52755.78,97697,89.81,27.811,36.811,32.311,3.3848,2.41,2.4,2.1,2.11,2.255,2266,78,0,0,7.41,14,23852.61,0,0
100,845906049,"2012-12-16 22:44:00",52056.14,91.56,31.81,52756.01,97697,90.05,27.811,36.811,32.311,3.3846,2.39,2.42,2.09,2.1,2.25,1999,76,0,0,6.54,14,23852.61,0,0
100,845906049,"2012-12-16 22:50:00",52066.29,109.52,31.43,52756.74,97697,89.85,27.811,36.811,32.311,3.3842,2.38,2.4,2.11,2.1,2.247,2391,79,0,0,7.82,14,23852.61,0,0
100,845906049,"2012-12-16 22:56:00",52076.49,98.24,31.07,52757.48,97697,89.29,27.811,36.811,32.311,3.384,2.4,2.41,2.1,2.1,2.252,2145,83,0,0,7.02,14,23852.61,0,0
100,845906049,"2012-12-16 23:01:00",52084.7,104.73,30.78,52758.07,97697,89.67,27.811,36.811,32.311,3.3837,2.42,2.41,2.11,2.12,2.265,2287,76,0,0,7.48,14,23852.61,0,0
100,845906049,"2012-12-16 23:04:00",52089.87,114.99,30.59,52758.44,97697,89.68,27.811,36.811,32.311,3.3833,2.4,2.4,2.11,2.1,2.252,2511,80,0,0,8.21,14,23852.61,0,0
100,845906049,"2012-12-16 23:20:00",52116.02,101.84,29.66,52760.31,97699,90.23,27.797,36.797,32.297,3.3825,2.4,2.38,2.1,2.11,2.247,2224,82,0,0,7.27,14,23852.61,0,0
100,845906049,"2012-12-16 23:27:00",52127.91,99.94,29.24,52761.16,97699,90.01,27.797,36.797,32.297,3.3819,2.4,2.41,2.09,2.11,2.252,2182,87,0,0,7.14,14,23852.61,0,0
100,845906049,"2012-12-16 23:29:00",52131.45,103.46,29.12,52761.41,97699,89.48,27.797,36.797,32.297,3.3817,2.39,2.41,2.08,2.11,2.248,2259,78,0,0,7.39,14,23852.61,0,0
100,845906049,"2012-12-17 23:41:00",52151.67,100.93,28.4,52762.85,97699,89.86,27.797,36.797,32.297,3.3814,2.38,2.4,2.11,2.11,2.25,2204,38,0,0,7.21,14,23852.61,0,0
100,845906049,"2012-12-17 23:48:00",52163.26,100.59,27.98,52763.68,97699,89.46,27.797,36.797,32.297,3.3809,2.39,2.4,2.09,2.09,2.242,2196,24,0,0,7.19,14,23852.61,0,0
100,845906049,"2012-12-17 23:49:00",52164.96,101.72,27.92,52763.8,97699,90.53,27.797,36.797,32.297,3.3808,2.39,2.4,2.1,2.09,2.245,2221,21,0,0,7.27,14,23852.61,0,0
100,845906049,"2012-12-17 23:57:00",52178.29,107.14,27.45,52764.75,97699,89.67,27.797,36.797,32.297,3.3806,2.4,2.4,2.1,2.11,2.252,2339,29,0,0,7.65,14,23852.61,0,0
100,845906049,"2012-12-18 00:04:00",52190.35,101.67,27.02,52765.61,97699,90.81,27.797,36.797,32.297,3.3804,2.4,2.41,2.1,2.11,2.255,2220,16,0,0,7.26,14,23852.61,0,0
100,845906049,"2012-12-18 00:13:00",52205.56,104.79,26.48,52766.69,97699,89.88,27.797,36.797,32.297,3.38,2.4,2.39,2.1,2.11,2.25,2288,31,0,0,7.49,14,23852.61,0,0
100,845906049,"2012-12-18 00:31:00",52235.47,88.43,25.4,52768.82,97700,90.72,27.79,36.79,32.29,3.3788,2.38,2.38,2.09,2.1,2.238,2457,13,8,80,6.32,14,23852.61,0,0
100,845906049,"2012-12-18 00:32:00",52237.21,104.46,25.34,52768.94,97700,89.92,27.79,36.79,32.29,3.3788,2.4,2.38,2.1,2.11,2.247,2281,24,0,0,7.46,14,23852.61,0,0
100,845906049,"2012-12-18 00:34:00",52240.38,98.34,25.23,52769.17,97700,89.63,27.79,36.79,32.29,3.3786,2.41,2.4,2.1,2.11,2.255,2147,8,0,0,7.02,14,23852.61,0,0
100,845906049,"2012-12-18 00:39:00",52248.32,92.95,24.94,52769.74,97701,89.57,27.783,36.783,32.283,3.3783,2.39,2.41,2.1,2.1,2.25,2029,13,0,0,6.64,14,23852.61,0,0
100,845906049,"2012-12-18 00:40:00",52249.94,97.47,24.88,52769.86,97701,89.91,27.783,36.783,32.283,3.3783,2.4,2.4,2.11,2.08,2.248,2128,0,0,0,6.96,14,23852.61,0,0
100,845906049,"2012-12-18 00:43:00",52254.97,99.66,24.7,52770.22,97701,90.66,27.783,36.783,32.283,3.3779,2.4,2.4,2.1,2.12,2.255,2176,11,0,0,7.12,14,23852.61,0,0
100,845906049,"2012-12-18 00:47:00",52261.72,104.41,24.46,52770.7,97701,89.96,27.783,36.783,32.283,3.3776,2.39,2.41,2.11,2.1,2.252,2280,25,0,0,7.46,14,23852.61,0,0
100,845906049,"2012-12-18 00:49:00",52265.02,102.02,24.34,52770.93,97701,89.36,27.783,36.783,32.283,3.3775,2.38,2.39,2.1,2.09,2.24,2227,24,0,0,7.29,14,23852.61,0,0
100,845906049,"2012-12-18 00:50:00",52266.62,96.1,24.28,52771.04,97701,89.33,27.783,36.783,32.283,3.3774,2.41,2.41,2.1,2.11,2.258,2098,8,0,0,6.86,14,23852.61,0,0
100,845906049,"2012-12-18 00:55:00",52274.61,88.15,24,52771.61,97702,90.35,27.777,36.777,32.277,3.3768,2.41,2.4,2.09,2.1,2.25,2449,9,8,80,6.3,14,23852.61,0,0
100,845906049,"2012-12-18 00:57:00",52277.82,99.41,23.88,52771.84,97702,89.51,27.777,36.777,32.277,3.3765,2.41,2.39,2.1,2.08,2.245,2170,12,0,0,7.1,14,23852.61,0,0
100,845906049,"2012-12-18 01:03:00",52287.99,100.06,23.51,52772.56,97702,90.16,27.777,36.777,32.277,3.3763,2.39,2.41,2.1,2.1,2.25,2185,26,0,0,7.15,14,23852.61,0,0
100,845906049,"2012-12-18 01:04:00",52289.59,95.85,23.45,52772.67,97702,91.13,27.777,36.777,32.277,3.3762,2.39,2.39,2.08,2.09,2.238,2093,9,0,0,6.85,14,23852.61,0,0
100,845906049,"2012-12-18 01:16:00",52309.88,116.24,22.72,52774.12,97702,89.72,27.777,36.777,32.277,3.3756,2.4,2.39,2.09,2.1,2.245,2538,35,0,0,8.3,14,23852.61,0,0
100,845906049,"2012-12-18 01:19:00",52314.81,101.15,22.54,52774.48,97702,89.24,27.777,36.777,32.277,3.3755,2.4,2.41,2.1,2.09,2.25,2208,30,0,0,7.23,14,23852.61,0,0
100,845906049,"2012-12-18 01:23:00",52321.63,102.08,22.3,52774.97,97702,90.86,27.777,36.777,32.277,3.3754,2.4,2.39,2.1,2.1,2.248,2229,26,0,0,7.29,14,23852.61,0,0
100,845906049,"2012-12-18 01:25:00",52324.96,94.99,22.18,52775.2,97702,89.87,27.777,36.777,32.277,3.3753,2.4,2.42,2.1,2.1,2.255,2074,9,0,0,6.78,14,23852.61,0,0
100,845906049,"2012-12-18 01:26:00",52326.54,94.47,22.12,52775.31,97702,89.51,27.777,36.777,32.277,3.3752,2.41,2.42,2.1,2.1,2.258,2063,13,0,0,6.75,14,23852.61,0,0
100,845906049,"2012-12-18 01:28:00",52329.9,96.57,22,52775.55,97702,89.87,27.777,36.777,32.277,3.3751,2.41,2.38,2.11,2.11,2.252,2108,12,0,0,6.9,14,23852.61,0,0
100,845906049,"2012-12-18 01:29:00",52331.45,92.67,21.94,52775.66,97702,89.97,27.777,36.777,32.277,3.375,2.4,2.4,2.11,2.11,2.255,2023,7,0,0,6.62,14,23852.61,0,0
100,845906049,"2012-12-18 01:34:00",52339.68,107.78,21.65,52776.26,97703,90.15,27.77,36.77,32.27,3.3746,2.4,2.41,2.11,2.12,2.26,2353,29,0,0,7.7,14,23852.61,0,0
100,845906049,"2012-12-18 01:35:00",52341.32,98.77,21.59,52776.38,97703,89.35,27.77,36.77,32.27,3.3746,2.41,2.38,2.11,2.1,2.25,2157,10,0,0,7.06,14,23852.61,0,0
100,845906049,"2012-12-18 01:38:00",52346.7,115.52,21.4,52776.77,97703,89.81,27.77,36.77,32.27,3.3743,2.4,2.41,2.11,2.11,2.258,2522,37,0,0,8.25,14,23852.61,0,0
100,845906049,"2012-12-20 12:22:00",52347.17,28.31,94.98,52776.8,97706,89.64,27.758,36.758,32.258,3.3743,2.41,2.41,2.12,2.09,2.258,1813,14,25,250,1.83,15.5,23852.61,0,0
100,845906049,"2012-12-20 12:31:00",52356.78,72.98,94.67,52777.43,97716,90.96,27.714,36.714,32.214,3.3736,2.39,2.4,2.09,2.11,2.248,2028,12,8,80,4.71,15.5,23852.61,0,0
100,845906049,"2012-12-20 12:37:00",52363.06,69.63,94.47,52777.83,97722,90.5,27.687,36.687,32.187,3.3734,2.39,2.41,2.09,2.1,2.248,1935,2,8,80,4.49,15.5,23852.61,0,0
100,845906049,"2012-12-20 12:38:00",52364.34,76.76,94.43,52777.91,97723,89.67,27.683,36.683,32.183,3.3733,2.38,2.4,2.1,2.1,2.245,2133,12,8,80,4.95,15.5,23852.61,0,0
100,845906049,"2012-12-20 12:40:00",52366.42,70.36,94.36,52778.05,97725,89.63,27.674,36.674,32.174,3.3733,2.42,2.38,2.1,2.11,2.252,1955,11,8,80,4.54,15.5,23852.61,0,0
100,845906049,"2012-12-20 12:41:00",52367.48,63.55,94.33,52778.12,97726,89.45,27.67,36.67,32.17,3.3733,2.4,2.39,2.08,2.08,2.238,2473,21,8,80,4.1,15.5,23852.61,0,0
100,845906049,"2012-12-20 12:47:00",52373.16,55.59,94.14,52778.49,97732,90.24,27.642,36.642,32.142,3.3732,2.4,2.4,2.09,2.1,2.248,2163,17,8,80,3.59,15.5,23852.61,0,0
100,845906049,"2012-12-20 12:53:00",52379.04,51.94,93.95,52778.88,97738,90.12,27.615,36.615,32.115,3.373,2.41,2.4,2.1,2.09,2.25,2021,6,8,80,3.35,15.5,23852.61,0,0
100,845906049,"2012-12-20 12:57:00",52383.32,68.18,93.81,52779.15,97742,89.67,27.596,36.596,32.096,3.3728,2.4,2.4,2.1,2.1,2.25,1894,16,8,80,4.4,15.5,23852.61,0,0
100,845906049,"2012-12-20 13:03:00",52389.14,78.58,93.63,52779.52,97749,90.09,27.564,36.564,32.064,3.3726,2.4,2.4,2.11,2.11,2.255,2183,12,8,80,5.07,15.5,23852.61,0,0
100,845906049,"2012-12-20 13:04:00",52390.19,62.85,93.6,52779.59,97750,90.55,27.559,36.559,32.059,3.3726,2.4,2.39,2.11,2.1,2.25,2446,10,8,80,4.05,15.5,23852.61,0,0
100,845906049,"2012-12-20 13:05:00",52391.38,71.57,93.56,52779.67,97751,90.53,27.555,36.555,32.055,3.3725,2.4,2.4,2.09,2.09,2.245,1989,11,8,80,4.62,15.5,23852.61,0,0
100,845906049,"2012-12-20 13:06:00",52392.52,68.26,93.52,52779.74,97752,89.83,27.55,36.55,32.05,3.3724,2.41,2.38,2.08,2.1,2.242,1897,5,8,80,4.4,15.5,23852.61,0,0
100,845906049,"2012-12-20 15:17:00",52408.3,57.24,93.02,52780.76,97769,89.97,27.473,36.473,31.973,3.3721,2.39,2.4,2.1,2.11,2.25,2228,9,8,80,3.69,15.5,23852.61,0,0
100,845906049,"2012-12-20 15:23:00",52414.35,64.42,92.83,52781.15,97775,90.17,27.447,36.447,31.947,3.372,2.4,2.4,2.1,2.09,2.248,2507,7,8,80,4.16,15.5,23852.61,0,0
100,845906049,"2012-12-20 15:28:00",52420.07,67.42,92.64,52781.51,97780,90.42,27.427,36.427,31.927,3.3717,2.39,2.4,2.09,2.12,2.25,1873,10,8,80,4.35,15.5,23852.61,0,0
100,845906049,"2012-12-20 15:31:00",52422.86,56.2,92.55,52781.69,97783,89.16,27.412,36.412,31.912,3.3715,2.4,2.39,2.08,2.11,2.245,2187,17,8,80,3.63,15.5,23852.61,0,0
100,845906049,"2012-12-20 15:32:00",52423.94,64.72,92.52,52781.76,97784,89.72,27.408,36.408,31.908,3.3715,2.41,2.42,2.08,2.1,2.252,2519,7,8,80,4.18,15.5,23852.61,0,0
100,845906049,"2012-12-20 15:43:00",52435.09,40.32,92.15,52782.47,97797,89.9,27.346,36.346,31.846,3.3711,2.4,2.41,2.1,2.09,2.25,1569,20,17,160,2.6,15.5,23852.61,0,0
100,845906049,"2012-12-20 15:46:00",52437.95,64.16,92.06,52782.65,97801,89.37,27.327,36.327,31.827,3.3709,2.4,2.39,2.11,2.08,2.245,2497,7,8,80,4.14,15.5,23852.61,0,0
100,845906049,"2012-12-20 15:48:00",52439.59,49.68,92,52782.75,97805,90.36,27.309,36.309,31.809,3.3709,2.41,2.42,2.09,2.1,2.255,1933,4,17,160,3.21,15.5,23852.61,0,0
100,845906049,"2012-12-20 15:54:00",52445.89,78.65,91.79,52783.15,97812,89.59,27.276,36.276,31.776,3.3705,2.39,2.39,2.11,2.08,2.242,2185,29,8,80,5.07,15.5,23852.61,0,0
100,845906049,"2012-12-20 15:58:00",52449.79,66.03,91.65,52783.4,97818,90.37,27.249,36.249,31.749,3.3703,2.41,2.41,2.11,2.1,2.258,1835,10,8,80,4.26,15.5,23852.61,0,0
100,845906049,"2012-12-20 15:59:00",52450.77,58.99,91.62,52783.46,97819,89.74,27.243,36.243,31.743,3.3703,2.4,2.42,2.1,2.09,2.252,2296,14,8,80,3.81,15.5,23852.61,0,0
100,845906049,"2012-12-21 17:52:00",52456.67,63.04,91.44,52783.84,97830,89.52,27.195,36.195,31.695,3.3701,2.41,2.4,2.09,2.09,2.248,2453,32,8,80,4.07,15.5,23852.61,0,0
100,845906049,"2012-12-21 18:02:00",52465.11,42.65,91.18,52784.41,97845,89.8,27.127,36.127,31.627,3.3699,2.38,2.4,2.11,2.11,2.25,1660,8,17,160,2.75,15.5,23852.61,0,0
100,845906049,"2012-12-21 18:03:00",52465.92,48.05,91.15,52784.46,97847,90.29,27.118,36.118,31.618,3.3699,2.41,2.42,2.11,2.11,2.262,1870,16,17,160,3.1,15.5,23852.61,0,0
100,845906049,"2012-12-21 18:17:00",52477.31,53.83,90.77,52785.2,97869,90.11,27.018,36.018,31.518,3.3695,2.42,2.4,2.11,2.09,2.255,2095,5,8,80,3.47,15.5,23852.61,0,0
100,845906049,"2012-12-21 18:19:00",52478.9,53.24,90.72,52785.31,97872,89.92,27.006,36.006,31.506,3.3695,2.4,2.4,2.11,2.09,2.25,2072,9,8,80,3.43,15.5,23852.61,0,0
100,845906049,"2012-12-21 18:20:00",52479.67,46.33,90.7,52785.36,97874,90.2,26.998,35.998,31.498,3.3694,2.4,2.4,2.1,2.09,2.248,1803,14,17,160,2.99,15.5,23852.61,0,0
100,845906049,"2012-12-21 21:06:00",52495.76,55.66,90.19,52786.4,97900,90.91,26.881,35.881,31.381,3.369,2.4,2.38,2.09,2.1,2.242,2166,41,8,80,3.59,15.5,23852.61,0,0
100,845906049,"2012-12-21 21:10:00",52500.09,81.78,90.05,52786.68,97905,90.06,26.858,35.858,31.358,3.3688,2.4,2.41,2.1,2.1,2.252,2272,75,8,80,5.28,15.5,23852.61,0,0
100,845906049,"2012-12-21 21:18:00",52508.08,61.86,89.8,52787.2,97915,89.76,26.813,35.813,31.313,3.3687,2.41,2.41,2.1,2.11,2.258,2407,59,8,80,3.99,15.5,23852.61,0,0
100,845906049,"2012-12-21 21:20:00",52510.08,69.89,89.73,52787.33,97918,90.14,26.799,35.799,31.299,3.3686,2.38,2.39,2.09,2.11,2.242,1942,61,8,80,4.51,15.5,23852.61,0,0
100,845906049,"2012-12-21 21:25:00",52515.24,62.52,89.57,52787.66,97923,90.65,26.777,35.777,31.277,3.3684,2.41,2.4,2.1,2.1,2.252,2433,52,8,80,4.03,15.5,23852.61,0,0
100,845906049,"2012-12-21 21:26:00",52516.22,58.74,89.54,52787.72,97924,90.69,26.772,35.772,31.272,3.3683,2.4,2.41,2.11,2.1,2.255,2286,39,8,80,3.79,15.5,23852.61,0,0
100,845906049,"2012-12-21 21:31:00",52521.32,42.99,89.37,52788.05,97931,89.63,26.74,35.74,31.24,3.3679,2.39,2.4,2.13,2.11,2.258,1673,31,17,160,2.77,15.5,23852.61,0,0
100,845906049,"2012-12-21 21:33:00",52523.29,67.99,89.3,52788.17,97934,90.58,26.726,35.726,31.226,3.3678,2.39,2.41,2.09,2.12,2.253,1889,59,8,80,4.39,15.5,23852.61,0,0
100,845906049,"2012-12-21 21:35:00",52525.38,48.1,89.23,52788.3,97937,90.01,26.712,35.712,31.212,3.3678,2.4,2.42,2.1,2.1,2.255,1872,32,17,160,3.1,15.5,23852.61,0,0
100,845906049,"2012-12-21 21:41:00",52532.09,75.75,89.01,52788.74,97943,90.62,26.686,35.686,31.186,3.3675,2.39,2.4,2.09,2.1,2.245,2105,56,8,80,4.89,15.5,23852.61,0,0
100,845906049,"2012-12-21 21:44:00",52534.96,66.25,88.91,52788.93,97946,90.34,26.672,35.672,31.172,3.3673,2.4,2.42,2.09,2.09,2.25,1841,58,8,80,4.27,15.5,23852.61,0,0
100,845906049,"2012-12-21 21:49:00",52540.07,57.11,88.74,52789.25,97951,90.72,26.651,35.651,31.151,3.3672,2.39,2.41,2.1,2.09,2.248,2223,48,8,80,3.68,15.5,23852.61,0,0
100,845906049,"2012-12-21 21:53:00",52544.07,63,88.61,52789.5,97957,89.73,26.621,35.621,31.121,3.3671,2.39,2.4,2.11,2.1,2.25,2452,52,8,80,4.06,15.5,23852.61,0,0
100,845906049,"2012-12-21 21:58:00",52549.04,72.57,88.44,52789.82,97963,90.16,26.595,35.595,31.095,3.367,2.39,2.41,2.1,2.09,2.248,2016,64,8,80,4.68,15.5,23852.61,0,0
100,845906049,"2012-12-22 22:59:00",52569.06,67.56,87.79,52791.12,97984,90.59,26.505,35.505,31.005,3.3665,2.39,2.39,2.1,2.1,2.245,1877,28,8,80,4.36,15.5,23852.61,0,0
100,845906049,"2012-12-22 23:01:00",52570.99,61.81,87.73,52791.25,97986,89.71,26.495,35.495,30.995,3.3665,2.39,2.39,2.09,2.1,2.242,2405,9,8,80,3.99,15.5,23852.61,0,0
100,845906049,"2012-12-22 23:04:00",52574.02,70.06,87.63,52791.45,97990,89.75,26.477,35.477,30.977,3.3664,2.4,2.38,2.11,2.11,2.25,1947,33,8,80,4.52,15.5,23852.61,0,0
100,845906049,"2012-12-22 23:17:00",52587.12,56.57,87.21,52792.29,98005,90.04,26.408,35.408,30.908,3.366,2.41,2.41,2.1,2.1,2.255,2202,14,8,80,3.65,15.5,23852.61,0,0
100,845906049,"2012-12-22 23:18:00",52588.11,58.94,87.18,52792.35,98006,90.06,26.404,35.404,30.904,3.366,2.4,2.39,2.11,2.11,2.252,2294,4,8,80,3.8,15.5,23852.61,0,0
100,845906049,"2012-12-22 23:22:00",52591.93,66.7,87.05,52792.59,98011,89.76,26.382,35.382,30.882,3.3659,2.4,2.4,2.1,2.11,2.252,1853,15,8,80,4.3,15.5,23852.61,0,0
100,845906049,"2012-12-23 23:27:00",52596.85,49.41,86.89,52792.91,98017,89.3,26.357,35.357,30.857,3.3657,2.4,2.39,2.1,2.11,2.25,1923,12,17,160,3.19,15.5,23852.61,0,0
100,845906049,"2012-12-23 23:29:00",52599.22,76.62,86.81,52793.06,98019,90.48,26.349,35.349,30.849,3.3656,2.39,2.39,2.1,2.11,2.248,2129,21,8,80,4.94,15.5,23852.61,0,0
100,845906049,"2012-12-23 23:30:00",52600.25,62.15,86.78,52793.13,98020,90.49,26.344,35.344,30.844,3.3656,2.4,2.37,2.1,2.09,2.24,2419,9,8,80,4.01,15.5,23852.61,0,0
100,845906049,"2012-12-23 23:33:00",52603.47,64.22,86.68,52793.34,98023,89.94,26.33,35.33,30.83,3.3654,2.4,2.41,2.1,2.1,2.252,2499,10,8,80,4.14,15.5,23852.61,0,0
100,845906049,"2012-12-23 23:35:00",52605.46,57.35,86.62,52793.47,98025,89.06,26.321,35.321,30.821,3.3654,2.39,2.41,2.09,2.1,2.248,2232,8,8,80,3.7,15.5,23852.61,0,0
100,845906049,"2012-12-23 23:43:00",52613.54,62.88,86.36,52794.01,98035,89.4,26.277,35.277,30.777,3.3648,2.39,2.39,2.09,2.09,2.24,2447,13,8,80,4.06,15.5,23852.61,0,0
100,845906049,"2012-12-23 23:47:00",52617.49,61.15,86.23,52794.27,98039,89.61,26.26,35.26,30.76,3.3647,2.4,2.41,2.1,2.1,2.252,2380,9,8,80,3.95,15.5,23852.61,0,0
100,845906049,"2012-12-23 23:48:00",52618.4,54.6,86.2,52794.33,98040,90.76,26.256,35.256,30.756,3.3647,2.41,2.39,2.1,2.1,2.25,2125,13,8,80,3.52,15.5,23852.61,0,0
100,845906049,"2012-12-23 23:53:00",52623.37,61.22,86.05,52794.66,98045,89.12,26.233,35.233,30.733,3.3645,2.42,2.41,2.1,2.1,2.258,2383,16,8,80,3.95,15.5,23852.61,0,0
100,845906049,"2012-12-24 00:00:00",52630.17,43.23,85.85,52795.11,98054,90.04,26.195,35.195,30.695,3.3643,2.38,2.42,2.09,2.12,2.252,1682,6,17,160,2.79,15.5,23852.61,0,0
100,845906049,"2012-12-24 00:04:00",52633.7,61.78,85.73,52795.34,98060,90.91,26.17,35.17,30.67,3.3642,2.4,2.4,2.1,2.09,2.248,2404,17,8,80,3.99,15.5,23852.61,0,0
100,845906049,"2012-12-24 00:05:00",52634.82,67.3,85.69,52795.41,98061,89.45,26.165,35.165,30.665,3.3641,2.4,2.4,2.09,2.11,2.25,1870,15,8,80,4.34,15.5,23852.61,0,0
100,845906049,"2012-12-24 00:09:00",52638.66,51.2,85.56,52795.67,98065,89.99,26.146,35.146,30.646,3.364,2.39,2.4,2.1,2.1,2.248,1992,14,8,80,3.3,15.5,23852.61,0,0
100,845906049,"2012-12-24 00:12:00",52641.92,65.77,85.45,52795.88,98068,90.09,26.133,35.133,30.633,3.364,2.41,2.39,2.09,2.1,2.248,1827,21,8,80,4.24,15.5,23852.61,0,0
100,845906049,"2012-12-24 00:22:00",52652.53,68.32,85.11,52796.56,98078,89.96,26.083,35.083,30.583,3.3636,2.4,2.39,2.1,2.11,2.25,1898,17,8,80,4.41,15.5,23852.61,0,0
100,845906049,"2012-12-24 00:25:00",52655.49,56.43,85.01,52796.75,98081,90.17,26.07,35.07,30.57,3.3635,2.4,2.39,2.1,2.08,2.242,2196,13,8,80,3.64,15.5,23852.61,0,0
100,845906049,"2012-12-25 06:11:00",52657.27,48.47,84.95,52796.86,98084,89.46,26.058,35.058,30.558,3.3634,2.4,2.41,2.1,2.09,2.25,1886,-3,17,160,3.13,15.5,23852.61,0,0
100,845906049,"2012-12-25 06:14:00",52660.01,62.57,84.87,52797.04,98088,91.09,26.04,35.04,30.54,3.3634,2.42,2.39,2.1,2.11,2.255,2435,36,8,80,4.04,15.5,23852.61,0,0
100,845906049,"2012-12-25 06:20:00",52665.37,63.16,84.69,52797.39,98096,89.65,26.005,35.005,30.505,3.3633,2.4,2.39,2.08,2.1,2.242,2458,29,8,80,4.07,15.5,23852.61,0,0
100,845906049,"2012-12-25 06:28:00",52673.72,64.04,84.43,52797.92,98105,90.51,25.964,34.964,30.464,3.363,2.39,2.4,2.11,2.12,2.255,2492,32,8,80,4.13,15.5,23852.61,0,0
100,845906049,"2012-12-25 06:35:00",52679.88,51.98,84.23,52798.32,98121,89.43,25.891,34.891,30.391,3.3628,2.4,2.38,2.1,2.11,2.247,2023,17,17,160,3.35,15.5,23852.61,0,0
100,845906049,"2012-12-25 06:36:00",52681.06,71.1,84.19,52798.4,98122,90.35,25.887,34.887,30.387,3.3627,2.39,2.42,2.12,2.08,2.253,1976,32,8,80,4.59,15.5,23852.61,0,0
100,845906049,"2012-12-25 06:46:00",52691.81,55.21,83.84,52799.1,98135,90.9,25.825,34.825,30.325,3.3623,2.39,2.4,2.08,2.11,2.245,2149,5,17,160,3.56,15.5,23852.61,0,0
100,845906049,"2012-12-25 06:53:00",52698.61,66.26,83.62,52799.54,98147,90.53,25.765,34.765,30.265,3.3621,2.39,2.41,2.11,2.11,2.255,1841,32,8,80,4.27,15.5,23852.61,0,0
100,845906049,"2012-12-25 10:01:00",52702.44,106.12,83.49,52799.8,98150,90.57,25.751,34.751,30.251,3.3619,2.41,2.4,2.11,2.11,2.258,2317,88,0,0,7.58,14,23852.61,0,0
100,845906049,"2012-12-25 10:16:00",52727.02,102.36,82.61,52801.54,98151,90.41,25.743,34.743,30.243,3.3612,2.39,2.41,2.1,2.09,2.248,2235,73,0,0,7.31,14,23852.61,0,0
100,845906049,"2012-12-25 10:23:00",52738.68,97.74,82.18,52802.38,98151,89.49,25.743,34.743,30.243,3.3608,2.41,2.41,2.1,2.12,2.26,2134,65,0,0,6.98,14,23852.61,0,0
100,845906049,"2012-12-25 10:26:00",52743.47,92.1,82.02,52802.72,98151,89.18,25.743,34.743,30.243,3.3605,2.39,2.4,2.12,2.11,2.255,2011,64,0,0,6.58,14,23852.61,0,0
100,845906049,"2012-12-25 10:31:00",52751.79,99.03,81.72,52803.31,98151,91.04,25.743,34.743,30.243,3.36,2.4,2.41,2.09,2.13,2.258,2162,60,0,0,7.07,14,23852.61,0,0
100,845906049,"2012-12-25 10:32:00",52753.38,95.44,81.66,52803.42,98151,90.51,25.743,34.743,30.243,3.36,2.42,2.4,2.1,2.11,2.258,2084,67,0,0,6.82,14,23852.61,0,0
100,845906049,"2012-12-25 10:46:00",52776.86,103.63,80.81,52805.1,98151,89.63,25.743,34.743,30.243,3.3592,2.41,2.4,2.09,2.08,2.245,2263,76,0,0,7.4,14,23852.61,0,0
100,845906049,"2012-12-26 13:06:00",52801.71,91,79.93,52806.89,98151,89.99,25.743,34.743,30.243,3.3582,2.41,2.41,2.1,2.11,2.258,1987,6,0,0,6.5,14,23852.61,0,0
100,845906049,"2012-12-26 13:08:00",52804.92,95.36,79.81,52807.12,98151,89.13,25.743,34.743,30.243,3.3581,2.4,2.39,2.11,2.11,2.252,2082,24,0,0,6.81,14,23852.61,0,0
100,845906049,"2012-12-26 13:12:00",52811.77,103.65,79.57,52807.61,98151,89.38,25.743,34.743,30.243,3.3579,2.4,2.4,2.11,2.11,2.255,2263,39,0,0,7.4,14,23852.61,0,0
100,845906049,"2012-12-26 13:18:00",52822.03,93.08,79.2,52808.35,98151,90.19,25.743,34.743,30.243,3.3576,2.39,2.4,2.11,2.1,2.25,2032,31,0,0,6.65,14,23852.61,0,0
100,845906049,"2012-12-26 13:19:00",52823.62,95.89,79.14,52808.46,98151,90.4,25.743,34.743,30.243,3.3576,2.39,2.41,2.09,2.1,2.248,2094,28,0,0,6.85,14,23852.61,0,0
100,845906049,"2012-12-26 13:20:00",52825.26,98.31,79.08,52808.58,98151,90.68,25.743,34.743,30.243,3.3576,2.41,2.39,2.11,2.08,2.248,2146,30,0,0,7.02,14,23852.61,0,0
100,845906049,"2012-12-26 13:21:00",52826.89,97.9,79.02,52808.7,98151,89.21,25.743,34.743,30.243,3.3574,2.4,2.41,2.11,2.09,2.252,2138,44,0,0,6.99,14,23852.61,0,0
100,845906049,"2012-12-26 13:37:00",52853.64,99.71,78.07,52810.6,98153,89.21,25.73,34.73,30.23,3.3563,2.4,2.41,2.12,2.09,2.255,2177,29,0,0,7.12,14,23852.61,0,0
100,845906049,"2012-12-26 13:45:00",52866.61,81.92,77.61,52811.52,98154,90.3,25.722,34.722,30.222,3.3559,2.41,2.39,2.11,2.11,2.255,2276,1,8,80,5.85,14,23852.61,0,0
100,845906049,"2012-12-26 13:52:00",52878.57,112.85,77.17,52812.37,98154,90.39,25.722,34.722,30.222,3.3553,2.41,2.39,2.1,2.11,2.252,2464,45,0,0,8.06,14,23852.61,0,0
100,845906049,"2012-12-26 13:53:00",52880.27,101.98,77.11,52812.49,98154,89.75,25.722,34.722,30.222,3.3553,2.4,2.4,2.09,2.09,2.245,2227,32,0,0,7.28,14,23852.61,0,0
100,845906049,"2012-12-26 14:00:00",52891.87,96.69,76.69,52813.32,98154,90.65,25.722,34.722,30.222,3.355,2.38,2.4,2.1,2.1,2.245,2111,27,0,0,6.91,14,23852.61,0,0
100,845906049,"2012-12-26 14:02:00",52894.92,95.41,76.58,52813.53,98155,89.51,25.716,34.716,30.216,3.3549,2.4,2.4,2.1,2.11,2.252,2083,28,0,0,6.81,14,23852.61,0,0
100,845906049,"2012-12-28 16:19:00",52910.11,100.15,76.03,52814.6,98155,90.06,25.716,34.716,30.216,3.3543,2.4,2.4,2.1,2.1,2.25,2187,28,0,0,7.15,14,23852.61,0,0
100,845906049,"2012-12-28 16:25:00",52920,99.83,75.68,52815.31,98157,90.92,25.702,34.702,30.202,3.3537,2.4,2.39,2.1,2.11,2.25,2180,25,0,0,7.13,14,23852.61,0,0
100,845906049,"2012-12-28 16:29:00",52926.66,100.25,75.44,52815.79,98157,89.94,25.702,34.702,30.202,3.3533,2.41,2.41,2.12,2.09,2.258,2189,22,0,0,7.16,14,23852.61,0,0
100,845906049,"2012-12-28 16:45:00",52952.95,97.53,74.49,52817.66,98157,89.86,25.702,34.702,30.202,3.3523,2.38,2.4,2.11,2.1,2.247,2129,5,0,0,6.97,14,23852.61,0,0
100,845906049,"2012-12-28 16:46:00",52954.55,95.68,74.43,52817.77,98157,90.75,25.702,34.702,30.202,3.3523,2.4,2.4,2.09,2.11,2.25,2089,9,0,0,6.83,14,23852.61,0,0
100,845906049,"2012-12-28 16:51:00",52963.07,106.93,74.13,52818.39,98157,90.24,25.702,34.702,30.202,3.352,2.41,2.41,2.1,2.09,2.252,2335,38,0,0,7.64,14,23852.61,0,0
100,845906049,"2012-12-28 16:59:00",52976.1,92.12,73.67,52819.33,98158,89.34,25.694,34.694,30.194,3.3516,2.4,2.4,2.11,2.1,2.252,2011,3,0,0,6.58,14,23852.61,0,0
100,845906049,"2012-12-28 17:05:00",52984.93,80.03,73.36,52819.97,98161,89.87,25.675,34.675,30.175,3.3513,2.4,2.39,2.11,2.12,2.255,2224,4,8,80,5.72,14,23852.61,0,0
100,845906049,"2012-12-28 17:08:00",52989.72,96.86,73.19,52820.32,98161,90.21,25.675,34.675,30.175,3.3512,2.41,2.4,2.1,2.12,2.258,2115,8,0,0,6.92,14,23852.61,0,0
100,845906049,"2012-12-28 17:09:00",52991.35,97.92,73.13,52820.44,98161,90.79,25.675,34.675,30.175,3.3512,2.39,2.39,2.1,2.1,2.245,2138,9,0,0,6.99,14,23852.61,0,0
100,845906049,"2012-12-28 17:11:00",52994.38,93.83,73.02,52820.66,98162,89.85,25.668,34.668,30.168,3.3511,2.4,2.39,2.08,2.11,2.245,2049,9,0,0,6.7,14,23852.61,0,0
100,845906049,"2012-12-30 23:14:00",53002.63,93.15,72.72,52821.25,98162,90,25.668,34.668,30.168,3.3508,2.41,2.4,2.12,2.08,2.253,2034,14,0,0,6.65,14,23852.61,0,0
100,845906049,"2012-12-30 23:17:00",53007.7,109.49,72.54,52821.61,98162,90.04,25.668,34.668,30.168,3.3507,2.41,2.41,2.1,2.11,2.258,2391,37,0,0,7.82,14,23852.61,0,0
100,845906049,"2012-12-30 23:19:00",53011.15,104.68,72.42,52821.85,98162,91.12,25.668,34.668,30.168,3.3506,2.39,2.4,2.11,2.09,2.248,2286,29,0,0,7.48,14,23852.61,0,0
100,845906049,"2012-12-30 23:24:00",53019.34,96.86,72.12,52822.43,98162,90.4,25.668,34.668,30.168,3.3502,2.39,2.39,2.09,2.1,2.242,2115,25,0,0,6.92,14,23852.61,0,0
100,845906049,"2012-12-30 23:25:00",53020.96,97.75,72.06,52822.55,98162,90.67,25.668,34.668,30.168,3.3502,2.4,2.41,2.1,2.11,2.255,2134,31,0,0,6.98,14,23852.61,0,0
100,845906049,"2012-12-30 23:36:00",53038.9,90.32,71.42,52823.83,98163,89.47,25.661,34.661,30.161,3.3495,2.38,2.41,2.1,2.1,2.248,1972,17,0,0,6.45,14,23852.61,0,0
100,845906049,"2012-12-30 23:38:00",53042.09,96.59,71.3,52824.05,98163,90.46,25.661,34.661,30.161,3.3494,2.41,2.42,2.1,2.08,2.252,2109,14,0,0,6.9,14,23852.61,0,0
100,845906049,"2012-12-30 23:47:00",53057.69,94.23,70.73,52825.15,98163,90.04,25.661,34.661,30.161,3.3486,2.38,2.4,2.1,2.11,2.247,2057,14,0,0,6.73,14,23852.61,0,0
100,845906049,"2012-12-30 23:51:00",53064.04,98.13,70.51,52825.6,98164,90.22,25.653,34.653,30.153,3.3481,2.42,2.41,2.11,2.12,2.265,2143,17,0,0,7.01,14,23852.61,0,0
100,845906049,"2012-12-30 23:57:00",53073.76,102.27,70.17,52826.29,98164,89.99,25.653,34.653,30.153,3.3478,2.41,2.4,2.09,2.1,2.25,2233,23,0,0,7.3,14,23852.61,0,0
100,845906049,"2012-12-31 00:01:00",53080.57,110.47,69.92,52826.78,98164,89.92,25.653,34.653,30.153,3.3476,2.41,2.39,2.09,2.1,2.248,2412,40,0,0,7.89,14,23852.61,0,0
100,845906049,"2012-12-31 00:04:00",53085.44,100.02,69.74,52827.13,98164,89.84,25.653,34.653,30.153,3.3474,2.38,2.39,2.1,2.09,2.24,2184,23,0,0,7.14,14,23852.61,0,0
